<?xml version="1.0" encoding="utf-8"?>
<Toc Version="2" MINORVERSION="0">
	<Application>
		<Class Name="AddonsData">
			<Folder Name="OPCUA" ProjectDependent="1">
				<Folder Name="NodeSet" ProjectDependent="1" IsGroup="1">
					<Folder Name="Generated" ProjectDependent="1" IsGroup="1">
						<File Name="OpcUaMap.uar.gz" Size="2146" HashValue="B026139A236F9517D8E55A04666467F6" ProjectDependent="1"/>
					</Folder>
					<Folder Name="Vendor" ProjectDependent="1" IsGroup="1">
						<File Name="plc.aprol.uanodeset" Size="6712" HashValue="08ADF5B15D3AF0566E164F0E4D4FB418" ProjectDependent="1"/>
						<File Name="plc.br.pv.uanodeset" Size="7103" HashValue="682E7CDF6F09940F70D6CA1CC158D516" ProjectDependent="1"/>
						<File Name="plc.plcopen.pv.uanodeset" Size="19824" HashValue="0ACC12204AA326E4FC509E697ACBB201" ProjectDependent="1"/>
						<File Name="plc.uanodeset" Size="67077" HashValue="DCE8C1A8096A925A9DCF5ADE9FD8EC20" ProjectDependent="1"/>
					</Folder>
				</Folder>
			</Folder>
			<Folder Name="PKI" ProjectDependent="1">
				<Folder Name="ownCerts" ProjectDependent="1" IsGroup="1">
					<File Name="MyCert.cer" Size="1198" HashValue="0C92241E2CC7B343528495D3FA05E05E" ProjectDependent="1"/>
				</Folder>
				<Folder Name="privateKeys" ProjectDependent="1" IsGroup="1">
					<File Name="MyKey.key" Size="1706" HashValue="CF7D86415745BF1ED72FF958CA26A863" ProjectDependent="1"/>
				</Folder>
			</Folder>
		</Class>
		<Class Name="Os">
			<File Name="arsimproxy.dll" Size="214016" HashValue="45401572222E95CB7DC9765B22B12680" ProjectDependent="1"/>
			<File Name="InaFrms.dll" Size="98304" HashValue="BCBB8AB4B7168E2BB538CF86E5B742A3" ProjectDependent="1"/>
			<Folder Name="Brm" ProjectDependent="1">
				<File Name="@cfAR000.br" Size="4168" HashValue="FC38291308B3E2600C2181C29241D100" ProjectDependent="1"/>
				<File Name="@sbAR000.br" Size="2068" HashValue="4FCA7241B6F7D8B51FDC327523552538" ProjectDependent="1"/>
			</Folder>
			<Folder Name="System" ProjectDependent="1">
				<Folder Name="BASE" ProjectDependent="1">
					<Folder Name="COMPONENTS" ProjectDependent="1">
						<File Name="ArLcTextP.br" Size="298208" HashValue="C6DFC41EF8C31381FD8C0357751A81C3" ProjectDependent="1"/>
						<File Name="ArUnitSys.br" Size="476228" HashValue="CE3F96837303ADA6203FFEA1FCD8E225" ProjectDependent="1"/>
					</Folder>
					<Folder Name="HWD" ProjectDependent="1">
						<File Name="AsHwdhw_upl.xml.gz" Size="16671" HashValue="B7BE95F650D2F72CD1FD275AEC68192C" ProjectDependent="1"/>
						<File Name="AsHwdSimulation.xml.gz" Size="12860" HashValue="D13930EA0F857550CB5EA7DF4A09720B" ProjectDependent="1"/>
					</Folder>
				</Folder>
				<Folder Name="SDM" ProjectDependent="1">
					<File Name="arsdm.tar.gz" Size="506392" HashValue="2C9B09D39320BCBA6EB628EBEF9EAD12" ProjectDependent="1"/>
				</Folder>
				<Folder Name="TOC" ProjectDependent="1">
					<File Name="ftoc.xml" Size="670" HashValue="1188893D6CCACD93535968A53F0C30D1" ProjectDependent="1"/>
				</Folder>
				<Folder Name="WEBSERV" ProjectDependent="1">
					<File Name="ArWebServ.br" Size="108884" HashValue="ACC9413D1E351E469CC1B8603CFB86A3" ProjectDependent="1"/>
				</Folder>
			</Folder>
		</Class>
	</Application>
</Toc>