<?xml version="1.0"?>
<?AutomationRuntimeIOSystem Version = 1.0?>
<IOCFG xmlns="http://www.br-automation.com/AR/IO" Version="2.0">
  <Module ID="$root" Hardware="X20CP1585">
    <Parameter ID="HardwareModuleName" Value="X20CP1585" />
    <Parameter ID="SimulationIPAddress" Value="127.0.0.1" />
    <Parameter ID="SimulationInaPort" Value="11160" Type="UDINT" />
    <Parameter ID="SimulationInaNodeNumber" Value="1" Type="UDINT" />
    <Parameter ID="SimulationModeOpcUa" Value="on" />
    <Parameter ID="ActivateDtmServer" Value="0" Type="UDINT" />
    <Parameter ID="TemperatureCPUType" Value="UINT" />
    <Parameter ID="TemperatureENVType" Value="UINT" />
  </Module>
  <Module ID="IF2" Hardware="X20CP1585">
    <Parameter ID="DeviceDescription" Value="gei" />
    <Parameter ID="EthInterfaceRedundant" Value="0" />
    <Parameter ID="ActivateOSAFT" Value="0" />
  </Module>
  <Module ID="IF2.OPCUA" Hardware="OPCUA">
    <Parameter ID="ActivateOpcUa" Value="1" Type="INT" />
  </Module>
  <Module ID="IF2.SITEMAN" Hardware="SITEMAN">
    <Parameter ID="ActivateSiteMan" Value="1" Type="INT" />
  </Module>
  <Module ID="IF3" Hardware="X20CP1585">
    <Parameter ID="Operation" Value="EPL-V2" />
    <Parameter ID="MtuSize" Value="300" Type="UDINT" />
  </Module>
  <Module ID="IF3.PLK" Hardware="EPL-V2">
    <Parameter ID="EplInterfaceRedundant" Value="0" />
    <Parameter ID="EplHostName" Value="tuwien" />
    <Parameter ID="CycleTime" Value="2000" Type="UDINT" />
    <Parameter ID="Synchron" Value="on" />
    <Parameter ID="MuxPrescaler" Value="8" Type="UDINT" />
    <Parameter ID="Mode" Value="MN" />
    <Parameter ID="NodeID" Value="240" Type="DINT" />
    <Parameter ID="AsyncTimeout" Value="25" Type="UDINT" />
    <Parameter ID="TransferOnlyActive" Value="off" />
    <Parameter ID="OutputJustInTime" Value="off" />
    <Parameter ID="BasicEthernetInServiceMode" Value="off" />
    <Parameter ID="EplNatSubnet" Value="192.168.101.0" />
    <Parameter ID="EPL_LossFrameTolerance" Value="-1" Type="DINT" />
    <Parameter ID="ApplSwDate" Value="0" Type="UDINT" />
    <Parameter ID="ApplSwTime" Value="0" Type="UDINT" />
    <Parameter ID="BusCycleTrigger" Value="auto" />
    <Parameter ID="OutputCycleTrigger" Value="auto" />
  </Module>
  <Module ID="IF3.ST1" Hardware="X20BC0083">
    <Parameter ID="HardwareModuleName" Value="X20BC0083a" />
    <Parameter ID="Supervision" Value="off" />
    <Parameter ID="LinkSelectorInfo" Value="off" />
    <Parameter ID="IPGateway" Value="240" Type="DINT" />
    <Parameter ID="Mode" Value="CN" />
    <Parameter ID="ResponseTimeout" Value="25" Type="UDINT" />
    <Parameter ID="CiR" Value="off" />
    <Parameter ID="MuxNetworkSlot" Value="0" Type="UDINT" />
    <Parameter ID="MinimalInputLatency" Value="off" />
    <Parameter ID="EPL_Chained" Value="off" />
    <Parameter ID="EPL_PReqDataInPResMN" Value="off" />
    <Parameter ID="SyncMode" Value="SoC" />
    <Parameter ID="EnableDNA" Value="off" />
  </Module>
  <Module ID="IF3.ST1.IF1" Hardware="IF1">
    <Parameter ID="QLinkMinBitsize" Value="8" Type="UDINT" />
  </Module>
  <Module ID="IF3.ST1.IF1.X2X" Hardware="X2X">
    <Parameter ID="CycleTime" Value="2000" Type="UDINT" />
    <Parameter ID="Synchron" Value="on" />
    <Parameter ID="BusLength" Value="1000" Type="UDINT" />
    <Parameter ID="Stations" Value="64" Type="UDINT" />
    <Parameter ID="AsyncPayload" Value="80" Type="UDINT" />
    <Parameter ID="Asymmetric" Value="off" />
    <Parameter ID="CyclicX2XNettime" Value="off" />
    <Parameter ID="CiR" Value="off" />
  </Module>
  <Module ID="IF3.ST1.IF1.ST1" Hardware="X20PS9400a">
    <Parameter ID="HardwareModuleName" Value="X20PS9400a" />
  </Module>
  <Module ID="IF3.ST1.IF1.ST1.IO" Hardware="X20PS9400a">
    <Parameter ID="FunctionModel" Value="Standard" />
    <Parameter ID="FunctionModelNumber" Value="0" Type="USINT" />
    <Parameter ID="Supervision" Value="off" />
    <Parameter ID="StatusInfo" Value="on" />
    <Parameter ID="PowerInfo" Value="off" />
  </Module>
  <Module ID="IF3.ST1.IF1.ST2" Hardware="X20ZF0000">
    <Parameter ID="HardwareModuleName" Value="X20ZF0000" />
    <Parameter ID="CiRPlaceholder" Value="off" />
  </Module>
  <Module ID="IF3.ST1.IF1.ST3" Hardware="X20ATB312">
    <Parameter ID="HardwareModuleName" Value="X20ATB312" />
  </Module>
  <Module ID="IF3.ST1.IF1.ST3.IO" Hardware="X20ATB312">
    <Parameter ID="FunctionModel" Value="Standard" />
    <Parameter ID="FunctionModelNumber" Value="0" Type="USINT" />
    <Parameter ID="Supervision" Value="off" />
    <Parameter ID="InputFilter" Value="100ms" />
    <Parameter ID="OrderSINC" Value="4" />
    <Parameter ID="ChopMode" Value="on" />
    <Parameter ID="CompactSTS" Value="off" />
    <Parameter ID="Ch01" Value="on" />
    <Parameter ID="SensorType_Ch01" Value="PT100_1mK" />
    <Parameter ID="FormatCC_Ch01" Value="off" />
    <Parameter ID="FormatST_Ch01" Value="off" />
    <Parameter ID="UserLimits_Ch01" Value="on" />
    <Parameter ID="UpperLimit_Ch01" Value="85000" Type="DINT" />
    <Parameter ID="LowerLimit_Ch01" Value="-20000" Type="DINT" />
    <Parameter ID="Hysteresis_Ch01" Value="1000" Type="UINT" />
    <Parameter ID="Replace_Ch01" Value="static" />
    <Parameter ID="ReplacementUpper_Ch01" Value="85000" Type="DINT" />
    <Parameter ID="ReplacementLower_Ch01" Value="-20000" Type="DINT" />
    <Parameter ID="PreparationInterval_Ch01" Value="1000" Type="UINT" />
    <Parameter ID="FormatSR_Ch01" Value="packed" />
    <Parameter ID="ErrorDelay_Ch01" Value="2" Type="UINT" />
    <Parameter ID="SumErrorDelay_Ch01" Value="4000" Type="UINT" />
    <Parameter ID="Ch02" Value="on" />
    <Parameter ID="SensorType_Ch02" Value="PT100_1mK" />
    <Parameter ID="FormatCC_Ch02" Value="off" />
    <Parameter ID="FormatST_Ch02" Value="off" />
    <Parameter ID="UserLimits_Ch02" Value="on" />
    <Parameter ID="UpperLimit_Ch02" Value="85000" Type="DINT" />
    <Parameter ID="LowerLimit_Ch02" Value="-20000" Type="DINT" />
    <Parameter ID="Hysteresis_Ch02" Value="1000" Type="UINT" />
    <Parameter ID="Replace_Ch02" Value="static" />
    <Parameter ID="ReplacementUpper_Ch02" Value="85000" Type="DINT" />
    <Parameter ID="ReplacementLower_Ch02" Value="-20000" Type="DINT" />
    <Parameter ID="PreparationInterval_Ch02" Value="1000" Type="UINT" />
    <Parameter ID="FormatSR_Ch02" Value="packed" />
    <Parameter ID="ErrorDelay_Ch02" Value="2" Type="UINT" />
    <Parameter ID="SumErrorDelay_Ch02" Value="4000" Type="UINT" />
    <Parameter ID="Ch03" Value="on" />
    <Parameter ID="SensorType_Ch03" Value="PT100_1mK" />
    <Parameter ID="FormatCC_Ch03" Value="off" />
    <Parameter ID="FormatST_Ch03" Value="off" />
    <Parameter ID="UserLimits_Ch03" Value="on" />
    <Parameter ID="UpperLimit_Ch03" Value="85000" Type="DINT" />
    <Parameter ID="LowerLimit_Ch03" Value="-20000" Type="DINT" />
    <Parameter ID="Hysteresis_Ch03" Value="1000" Type="UINT" />
    <Parameter ID="Replace_Ch03" Value="static" />
    <Parameter ID="ReplacementUpper_Ch03" Value="85000" Type="DINT" />
    <Parameter ID="ReplacementLower_Ch03" Value="-20000" Type="DINT" />
    <Parameter ID="PreparationInterval_Ch03" Value="1000" Type="UINT" />
    <Parameter ID="FormatSR_Ch03" Value="packed" />
    <Parameter ID="ErrorDelay_Ch03" Value="2" Type="UINT" />
    <Parameter ID="SumErrorDelay_Ch03" Value="4000" Type="UINT" />
    <Parameter ID="Ch04" Value="on" />
    <Parameter ID="SensorType_Ch04" Value="PT100_1mK" />
    <Parameter ID="FormatCC_Ch04" Value="off" />
    <Parameter ID="FormatST_Ch04" Value="off" />
    <Parameter ID="UserLimits_Ch04" Value="on" />
    <Parameter ID="UpperLimit_Ch04" Value="85000" Type="DINT" />
    <Parameter ID="LowerLimit_Ch04" Value="-20000" Type="DINT" />
    <Parameter ID="Hysteresis_Ch04" Value="1000" Type="UINT" />
    <Parameter ID="Replace_Ch04" Value="static" />
    <Parameter ID="ReplacementUpper_Ch04" Value="85000" Type="DINT" />
    <Parameter ID="ReplacementLower_Ch04" Value="-20000" Type="DINT" />
    <Parameter ID="PreparationInterval_Ch04" Value="1000" Type="UINT" />
    <Parameter ID="FormatSR_Ch04" Value="packed" />
    <Parameter ID="ErrorDelay_Ch04" Value="2" Type="UINT" />
    <Parameter ID="SumErrorDelay_Ch04" Value="4000" Type="UINT" />
  </Module>
  <Module ID="IF3.ST1.IF1.ST4" Hardware="X20ATB312">
    <Parameter ID="HardwareModuleName" Value="X20ATB312b" />
  </Module>
  <Module ID="IF3.ST1.IF1.ST4.IO" Hardware="X20ATB312">
    <Parameter ID="FunctionModel" Value="Standard" />
    <Parameter ID="FunctionModelNumber" Value="0" Type="USINT" />
    <Parameter ID="Supervision" Value="off" />
    <Parameter ID="InputFilter" Value="100ms" />
    <Parameter ID="OrderSINC" Value="4" />
    <Parameter ID="ChopMode" Value="on" />
    <Parameter ID="CompactSTS" Value="off" />
    <Parameter ID="Ch01" Value="off" />
    <Parameter ID="Ch02" Value="on" />
    <Parameter ID="SensorType_Ch02" Value="PT100_1mK" />
    <Parameter ID="FormatCC_Ch02" Value="off" />
    <Parameter ID="FormatST_Ch02" Value="off" />
    <Parameter ID="UserLimits_Ch02" Value="on" />
    <Parameter ID="UpperLimit_Ch02" Value="85000" Type="DINT" />
    <Parameter ID="LowerLimit_Ch02" Value="-20000" Type="DINT" />
    <Parameter ID="Hysteresis_Ch02" Value="1000" Type="UINT" />
    <Parameter ID="Replace_Ch02" Value="static" />
    <Parameter ID="ReplacementUpper_Ch02" Value="85000" Type="DINT" />
    <Parameter ID="ReplacementLower_Ch02" Value="-20000" Type="DINT" />
    <Parameter ID="PreparationInterval_Ch02" Value="1000" Type="UINT" />
    <Parameter ID="FormatSR_Ch02" Value="packed" />
    <Parameter ID="ErrorDelay_Ch02" Value="2" Type="UINT" />
    <Parameter ID="SumErrorDelay_Ch02" Value="4000" Type="UINT" />
    <Parameter ID="Ch03" Value="on" />
    <Parameter ID="SensorType_Ch03" Value="PT100_1mK" />
    <Parameter ID="FormatCC_Ch03" Value="off" />
    <Parameter ID="FormatST_Ch03" Value="off" />
    <Parameter ID="UserLimits_Ch03" Value="on" />
    <Parameter ID="UpperLimit_Ch03" Value="85000" Type="DINT" />
    <Parameter ID="LowerLimit_Ch03" Value="-20000" Type="DINT" />
    <Parameter ID="Hysteresis_Ch03" Value="1000" Type="UINT" />
    <Parameter ID="Replace_Ch03" Value="static" />
    <Parameter ID="ReplacementUpper_Ch03" Value="85000" Type="DINT" />
    <Parameter ID="ReplacementLower_Ch03" Value="-20000" Type="DINT" />
    <Parameter ID="PreparationInterval_Ch03" Value="1000" Type="UINT" />
    <Parameter ID="FormatSR_Ch03" Value="packed" />
    <Parameter ID="ErrorDelay_Ch03" Value="2" Type="UINT" />
    <Parameter ID="SumErrorDelay_Ch03" Value="4000" Type="UINT" />
    <Parameter ID="Ch04" Value="on" />
    <Parameter ID="SensorType_Ch04" Value="PT100_1mK" />
    <Parameter ID="FormatCC_Ch04" Value="off" />
    <Parameter ID="FormatST_Ch04" Value="off" />
    <Parameter ID="UserLimits_Ch04" Value="on" />
    <Parameter ID="UpperLimit_Ch04" Value="85000" Type="DINT" />
    <Parameter ID="LowerLimit_Ch04" Value="-20000" Type="DINT" />
    <Parameter ID="Hysteresis_Ch04" Value="1000" Type="UINT" />
    <Parameter ID="Replace_Ch04" Value="static" />
    <Parameter ID="ReplacementUpper_Ch04" Value="85000" Type="DINT" />
    <Parameter ID="ReplacementLower_Ch04" Value="-20000" Type="DINT" />
    <Parameter ID="PreparationInterval_Ch04" Value="1000" Type="UINT" />
    <Parameter ID="FormatSR_Ch04" Value="packed" />
    <Parameter ID="ErrorDelay_Ch04" Value="2" Type="UINT" />
    <Parameter ID="SumErrorDelay_Ch04" Value="4000" Type="UINT" />
  </Module>
  <Module ID="IF3.ST1.IF1.ST5" Hardware="X20ATB312">
    <Parameter ID="HardwareModuleName" Value="X20ATB312a" />
  </Module>
  <Module ID="IF3.ST1.IF1.ST5.IO" Hardware="X20ATB312">
    <Parameter ID="FunctionModel" Value="Standard" />
    <Parameter ID="FunctionModelNumber" Value="0" Type="USINT" />
    <Parameter ID="Supervision" Value="off" />
    <Parameter ID="InputFilter" Value="100ms" />
    <Parameter ID="OrderSINC" Value="4" />
    <Parameter ID="ChopMode" Value="on" />
    <Parameter ID="CompactSTS" Value="off" />
    <Parameter ID="Ch01" Value="on" />
    <Parameter ID="SensorType_Ch01" Value="PT100_1mK" />
    <Parameter ID="FormatCC_Ch01" Value="off" />
    <Parameter ID="FormatST_Ch01" Value="off" />
    <Parameter ID="UserLimits_Ch01" Value="on" />
    <Parameter ID="UpperLimit_Ch01" Value="85000" Type="DINT" />
    <Parameter ID="LowerLimit_Ch01" Value="-20000" Type="DINT" />
    <Parameter ID="Hysteresis_Ch01" Value="1000" Type="UINT" />
    <Parameter ID="Replace_Ch01" Value="static" />
    <Parameter ID="ReplacementUpper_Ch01" Value="85000" Type="DINT" />
    <Parameter ID="ReplacementLower_Ch01" Value="-20000" Type="DINT" />
    <Parameter ID="PreparationInterval_Ch01" Value="1000" Type="UINT" />
    <Parameter ID="FormatSR_Ch01" Value="packed" />
    <Parameter ID="ErrorDelay_Ch01" Value="2" Type="UINT" />
    <Parameter ID="SumErrorDelay_Ch01" Value="4000" Type="UINT" />
    <Parameter ID="Ch02" Value="on" />
    <Parameter ID="SensorType_Ch02" Value="PT100_1mK" />
    <Parameter ID="FormatCC_Ch02" Value="off" />
    <Parameter ID="FormatST_Ch02" Value="off" />
    <Parameter ID="UserLimits_Ch02" Value="on" />
    <Parameter ID="UpperLimit_Ch02" Value="85000" Type="DINT" />
    <Parameter ID="LowerLimit_Ch02" Value="-20000" Type="DINT" />
    <Parameter ID="Hysteresis_Ch02" Value="1000" Type="UINT" />
    <Parameter ID="Replace_Ch02" Value="static" />
    <Parameter ID="ReplacementUpper_Ch02" Value="85000" Type="DINT" />
    <Parameter ID="ReplacementLower_Ch02" Value="-20000" Type="DINT" />
    <Parameter ID="PreparationInterval_Ch02" Value="1000" Type="UINT" />
    <Parameter ID="FormatSR_Ch02" Value="packed" />
    <Parameter ID="ErrorDelay_Ch02" Value="2" Type="UINT" />
    <Parameter ID="SumErrorDelay_Ch02" Value="4000" Type="UINT" />
    <Parameter ID="Ch03" Value="on" />
    <Parameter ID="SensorType_Ch03" Value="PT100_1mK" />
    <Parameter ID="FormatCC_Ch03" Value="off" />
    <Parameter ID="FormatST_Ch03" Value="off" />
    <Parameter ID="UserLimits_Ch03" Value="on" />
    <Parameter ID="UpperLimit_Ch03" Value="85000" Type="DINT" />
    <Parameter ID="LowerLimit_Ch03" Value="-20000" Type="DINT" />
    <Parameter ID="Hysteresis_Ch03" Value="1000" Type="UINT" />
    <Parameter ID="Replace_Ch03" Value="static" />
    <Parameter ID="ReplacementUpper_Ch03" Value="85000" Type="DINT" />
    <Parameter ID="ReplacementLower_Ch03" Value="-20000" Type="DINT" />
    <Parameter ID="PreparationInterval_Ch03" Value="1000" Type="UINT" />
    <Parameter ID="FormatSR_Ch03" Value="packed" />
    <Parameter ID="ErrorDelay_Ch03" Value="2" Type="UINT" />
    <Parameter ID="SumErrorDelay_Ch03" Value="4000" Type="UINT" />
    <Parameter ID="Ch04" Value="on" />
    <Parameter ID="SensorType_Ch04" Value="PT100_1mK" />
    <Parameter ID="FormatCC_Ch04" Value="off" />
    <Parameter ID="FormatST_Ch04" Value="off" />
    <Parameter ID="UserLimits_Ch04" Value="on" />
    <Parameter ID="UpperLimit_Ch04" Value="85000" Type="DINT" />
    <Parameter ID="LowerLimit_Ch04" Value="-20000" Type="DINT" />
    <Parameter ID="Hysteresis_Ch04" Value="1000" Type="UINT" />
    <Parameter ID="Replace_Ch04" Value="static" />
    <Parameter ID="ReplacementUpper_Ch04" Value="85000" Type="DINT" />
    <Parameter ID="ReplacementLower_Ch04" Value="-20000" Type="DINT" />
    <Parameter ID="PreparationInterval_Ch04" Value="1000" Type="UINT" />
    <Parameter ID="FormatSR_Ch04" Value="packed" />
    <Parameter ID="ErrorDelay_Ch04" Value="2" Type="UINT" />
    <Parameter ID="SumErrorDelay_Ch04" Value="4000" Type="UINT" />
  </Module>
  <Module ID="IF3.ST1.IF1.ST6" Hardware="X20ATB312">
    <Parameter ID="HardwareModuleName" Value="X20ATB312d" />
  </Module>
  <Module ID="IF3.ST1.IF1.ST6.IO" Hardware="X20ATB312">
    <Parameter ID="FunctionModel" Value="Standard" />
    <Parameter ID="FunctionModelNumber" Value="0" Type="USINT" />
    <Parameter ID="Supervision" Value="off" />
    <Parameter ID="InputFilter" Value="100ms" />
    <Parameter ID="OrderSINC" Value="4" />
    <Parameter ID="ChopMode" Value="on" />
    <Parameter ID="CompactSTS" Value="off" />
    <Parameter ID="Ch01" Value="on" />
    <Parameter ID="SensorType_Ch01" Value="PT100_1mK" />
    <Parameter ID="FormatCC_Ch01" Value="off" />
    <Parameter ID="FormatST_Ch01" Value="off" />
    <Parameter ID="UserLimits_Ch01" Value="on" />
    <Parameter ID="UpperLimit_Ch01" Value="85000" Type="DINT" />
    <Parameter ID="LowerLimit_Ch01" Value="-20000" Type="DINT" />
    <Parameter ID="Hysteresis_Ch01" Value="1000" Type="UINT" />
    <Parameter ID="Replace_Ch01" Value="static" />
    <Parameter ID="ReplacementUpper_Ch01" Value="85000" Type="DINT" />
    <Parameter ID="ReplacementLower_Ch01" Value="-20000" Type="DINT" />
    <Parameter ID="PreparationInterval_Ch01" Value="1000" Type="UINT" />
    <Parameter ID="FormatSR_Ch01" Value="packed" />
    <Parameter ID="ErrorDelay_Ch01" Value="2" Type="UINT" />
    <Parameter ID="SumErrorDelay_Ch01" Value="4000" Type="UINT" />
    <Parameter ID="Ch02" Value="on" />
    <Parameter ID="SensorType_Ch02" Value="PT100_1mK" />
    <Parameter ID="FormatCC_Ch02" Value="off" />
    <Parameter ID="FormatST_Ch02" Value="off" />
    <Parameter ID="UserLimits_Ch02" Value="on" />
    <Parameter ID="UpperLimit_Ch02" Value="85000" Type="DINT" />
    <Parameter ID="LowerLimit_Ch02" Value="-20000" Type="DINT" />
    <Parameter ID="Hysteresis_Ch02" Value="1000" Type="UINT" />
    <Parameter ID="Replace_Ch02" Value="static" />
    <Parameter ID="ReplacementUpper_Ch02" Value="85000" Type="DINT" />
    <Parameter ID="ReplacementLower_Ch02" Value="-20000" Type="DINT" />
    <Parameter ID="PreparationInterval_Ch02" Value="1000" Type="UINT" />
    <Parameter ID="FormatSR_Ch02" Value="packed" />
    <Parameter ID="ErrorDelay_Ch02" Value="2" Type="UINT" />
    <Parameter ID="SumErrorDelay_Ch02" Value="4000" Type="UINT" />
    <Parameter ID="Ch03" Value="off" />
    <Parameter ID="Ch04" Value="off" />
  </Module>
  <Module ID="IF3.ST1.IF1.ST7" Hardware="X20ZF0000">
    <Parameter ID="HardwareModuleName" Value="X20ZF0000a" />
    <Parameter ID="CiRPlaceholder" Value="off" />
  </Module>
  <Module ID="IF3.ST1.IF1.ST8" Hardware="X20AI4632">
    <Parameter ID="HardwareModuleName" Value="X20AI4632" />
  </Module>
  <Module ID="IF3.ST1.IF1.ST8.IO" Hardware="X20AI4632">
    <Parameter ID="FunctionModel" Value="Standard" />
    <Parameter ID="FunctionModelNumber" Value="0" Type="USINT" />
    <Parameter ID="Supervision" Value="off" />
    <Parameter ID="ChStatusInfo" Value="on" />
    <Parameter ID="ExtChStatusInfo" Value="on" />
    <Parameter ID="SampleTime" Value="100" Type="UINT" />
    <Parameter ID="TraceEnable" Value="off" />
    <Parameter ID="Channel01enable" Value="on" />
    <Parameter ID="ChannelType01" Value="0 to 20mA" />
    <Parameter ID="ChannelErrCheck01" Value="on" />
    <Parameter ID="MinMaxCheck01" Value="off" />
    <Parameter ID="MinLimit01" Value="5243" Type="INT" />
    <Parameter ID="MaxLimit01" Value="32767" Type="INT" />
    <Parameter ID="UserGain01" Value="65536" Type="DINT" />
    <Parameter ID="Useroffset01" Value="0" Type="DINT" />
    <Parameter ID="ChannelFilter01" Value="on" />
    <Parameter ID="FilterOrder01" Value="1" Type="USINT" />
    <Parameter ID="FilterConstant01" Value="500" Type="UINT" />
    <Parameter ID="Channel02enable" Value="on" />
    <Parameter ID="ChannelType02" Value="0 to 20mA" />
    <Parameter ID="ChannelErrCheck02" Value="on" />
    <Parameter ID="MinMaxCheck02" Value="off" />
    <Parameter ID="MinLimit02" Value="5243" Type="INT" />
    <Parameter ID="MaxLimit02" Value="32767" Type="INT" />
    <Parameter ID="UserGain02" Value="65536" Type="DINT" />
    <Parameter ID="Useroffset02" Value="0" Type="DINT" />
    <Parameter ID="ChannelFilter02" Value="on" />
    <Parameter ID="FilterOrder02" Value="1" Type="USINT" />
    <Parameter ID="FilterConstant02" Value="500" Type="UINT" />
    <Parameter ID="Channel03enable" Value="on" />
    <Parameter ID="ChannelType03" Value="0 to 20mA" />
    <Parameter ID="ChannelErrCheck03" Value="on" />
    <Parameter ID="MinMaxCheck03" Value="off" />
    <Parameter ID="MinLimit03" Value="5243" Type="INT" />
    <Parameter ID="MaxLimit03" Value="32767" Type="INT" />
    <Parameter ID="UserGain03" Value="65536" Type="DINT" />
    <Parameter ID="Useroffset03" Value="0" Type="DINT" />
    <Parameter ID="ChannelFilter03" Value="on" />
    <Parameter ID="FilterOrder03" Value="1" Type="USINT" />
    <Parameter ID="FilterConstant03" Value="500" Type="UINT" />
    <Parameter ID="Channel04enable" Value="on" />
    <Parameter ID="ChannelType04" Value="0 to 20mA" />
    <Parameter ID="ChannelErrCheck04" Value="on" />
    <Parameter ID="MinMaxCheck04" Value="off" />
    <Parameter ID="MinLimit04" Value="5243" Type="INT" />
    <Parameter ID="MaxLimit04" Value="32767" Type="INT" />
    <Parameter ID="UserGain04" Value="65536" Type="DINT" />
    <Parameter ID="Useroffset04" Value="0" Type="DINT" />
    <Parameter ID="ChannelFilter04" Value="on" />
    <Parameter ID="FilterOrder04" Value="1" Type="USINT" />
    <Parameter ID="FilterConstant04" Value="500" Type="UINT" />
  </Module>
  <Module ID="IF3.ST1.IF1.ST9" Hardware="X20AI4632">
    <Parameter ID="HardwareModuleName" Value="X20AI4632a" />
  </Module>
  <Module ID="IF3.ST1.IF1.ST9.IO" Hardware="X20AI4632">
    <Parameter ID="FunctionModel" Value="Standard" />
    <Parameter ID="FunctionModelNumber" Value="0" Type="USINT" />
    <Parameter ID="Supervision" Value="off" />
    <Parameter ID="ChStatusInfo" Value="on" />
    <Parameter ID="ExtChStatusInfo" Value="on" />
    <Parameter ID="SampleTime" Value="100" Type="UINT" />
    <Parameter ID="TraceEnable" Value="off" />
    <Parameter ID="Channel01enable" Value="on" />
    <Parameter ID="ChannelType01" Value="0 to 20mA" />
    <Parameter ID="ChannelErrCheck01" Value="on" />
    <Parameter ID="MinMaxCheck01" Value="off" />
    <Parameter ID="MinLimit01" Value="5243" Type="INT" />
    <Parameter ID="MaxLimit01" Value="32767" Type="INT" />
    <Parameter ID="UserGain01" Value="65536" Type="DINT" />
    <Parameter ID="Useroffset01" Value="0" Type="DINT" />
    <Parameter ID="ChannelFilter01" Value="on" />
    <Parameter ID="FilterOrder01" Value="1" Type="USINT" />
    <Parameter ID="FilterConstant01" Value="500" Type="UINT" />
    <Parameter ID="Channel02enable" Value="on" />
    <Parameter ID="ChannelType02" Value="0 to 20mA" />
    <Parameter ID="ChannelErrCheck02" Value="on" />
    <Parameter ID="MinMaxCheck02" Value="off" />
    <Parameter ID="MinLimit02" Value="5243" Type="INT" />
    <Parameter ID="MaxLimit02" Value="32767" Type="INT" />
    <Parameter ID="UserGain02" Value="65536" Type="DINT" />
    <Parameter ID="Useroffset02" Value="0" Type="DINT" />
    <Parameter ID="ChannelFilter02" Value="on" />
    <Parameter ID="FilterOrder02" Value="1" Type="USINT" />
    <Parameter ID="FilterConstant02" Value="500" Type="UINT" />
    <Parameter ID="Channel03enable" Value="on" />
    <Parameter ID="ChannelType03" Value="0 to 20mA" />
    <Parameter ID="ChannelErrCheck03" Value="on" />
    <Parameter ID="MinMaxCheck03" Value="off" />
    <Parameter ID="MinLimit03" Value="5243" Type="INT" />
    <Parameter ID="MaxLimit03" Value="32767" Type="INT" />
    <Parameter ID="UserGain03" Value="65536" Type="DINT" />
    <Parameter ID="Useroffset03" Value="0" Type="DINT" />
    <Parameter ID="ChannelFilter03" Value="on" />
    <Parameter ID="FilterOrder03" Value="1" Type="USINT" />
    <Parameter ID="FilterConstant03" Value="500" Type="UINT" />
    <Parameter ID="Channel04enable" Value="on" />
    <Parameter ID="ChannelType04" Value="0 to 20mA" />
    <Parameter ID="ChannelErrCheck04" Value="on" />
    <Parameter ID="MinMaxCheck04" Value="off" />
    <Parameter ID="MinLimit04" Value="5243" Type="INT" />
    <Parameter ID="MaxLimit04" Value="32767" Type="INT" />
    <Parameter ID="UserGain04" Value="65536" Type="DINT" />
    <Parameter ID="Useroffset04" Value="0" Type="DINT" />
    <Parameter ID="ChannelFilter04" Value="on" />
    <Parameter ID="FilterOrder04" Value="1" Type="USINT" />
    <Parameter ID="FilterConstant04" Value="500" Type="UINT" />
  </Module>
  <Module ID="IF3.ST1.IF1.ST10" Hardware="X20AI4632">
    <Parameter ID="HardwareModuleName" Value="X20AI4632b" />
  </Module>
  <Module ID="IF3.ST1.IF1.ST10.IO" Hardware="X20AI4632">
    <Parameter ID="FunctionModel" Value="Standard" />
    <Parameter ID="FunctionModelNumber" Value="0" Type="USINT" />
    <Parameter ID="Supervision" Value="off" />
    <Parameter ID="ChStatusInfo" Value="on" />
    <Parameter ID="ExtChStatusInfo" Value="on" />
    <Parameter ID="SampleTime" Value="100" Type="UINT" />
    <Parameter ID="TraceEnable" Value="off" />
    <Parameter ID="Channel01enable" Value="on" />
    <Parameter ID="ChannelType01" Value="0 to 20mA" />
    <Parameter ID="ChannelErrCheck01" Value="on" />
    <Parameter ID="MinMaxCheck01" Value="off" />
    <Parameter ID="MinLimit01" Value="5243" Type="INT" />
    <Parameter ID="MaxLimit01" Value="32767" Type="INT" />
    <Parameter ID="UserGain01" Value="65536" Type="DINT" />
    <Parameter ID="Useroffset01" Value="0" Type="DINT" />
    <Parameter ID="ChannelFilter01" Value="on" />
    <Parameter ID="FilterOrder01" Value="1" Type="USINT" />
    <Parameter ID="FilterConstant01" Value="500" Type="UINT" />
    <Parameter ID="Channel02enable" Value="on" />
    <Parameter ID="ChannelType02" Value="0 to 20mA" />
    <Parameter ID="ChannelErrCheck02" Value="on" />
    <Parameter ID="MinMaxCheck02" Value="off" />
    <Parameter ID="MinLimit02" Value="5243" Type="INT" />
    <Parameter ID="MaxLimit02" Value="32767" Type="INT" />
    <Parameter ID="UserGain02" Value="65536" Type="DINT" />
    <Parameter ID="Useroffset02" Value="0" Type="DINT" />
    <Parameter ID="ChannelFilter02" Value="on" />
    <Parameter ID="FilterOrder02" Value="1" Type="USINT" />
    <Parameter ID="FilterConstant02" Value="500" Type="UINT" />
    <Parameter ID="Channel03enable" Value="on" />
    <Parameter ID="ChannelType03" Value="0 to 20mA" />
    <Parameter ID="ChannelErrCheck03" Value="on" />
    <Parameter ID="MinMaxCheck03" Value="off" />
    <Parameter ID="MinLimit03" Value="5243" Type="INT" />
    <Parameter ID="MaxLimit03" Value="32767" Type="INT" />
    <Parameter ID="UserGain03" Value="65536" Type="DINT" />
    <Parameter ID="Useroffset03" Value="0" Type="DINT" />
    <Parameter ID="ChannelFilter03" Value="on" />
    <Parameter ID="FilterOrder03" Value="1" Type="USINT" />
    <Parameter ID="FilterConstant03" Value="500" Type="UINT" />
    <Parameter ID="Channel04enable" Value="on" />
    <Parameter ID="ChannelType04" Value="0 to 20mA" />
    <Parameter ID="ChannelErrCheck04" Value="on" />
    <Parameter ID="MinMaxCheck04" Value="off" />
    <Parameter ID="MinLimit04" Value="5243" Type="INT" />
    <Parameter ID="MaxLimit04" Value="32767" Type="INT" />
    <Parameter ID="UserGain04" Value="65536" Type="DINT" />
    <Parameter ID="Useroffset04" Value="0" Type="DINT" />
    <Parameter ID="ChannelFilter04" Value="on" />
    <Parameter ID="FilterOrder04" Value="1" Type="USINT" />
    <Parameter ID="FilterConstant04" Value="500" Type="UINT" />
  </Module>
  <Module ID="IF3.ST1.IF1.ST11" Hardware="X20AI4632">
    <Parameter ID="HardwareModuleName" Value="X20AI4632c" />
  </Module>
  <Module ID="IF3.ST1.IF1.ST11.IO" Hardware="X20AI4632">
    <Parameter ID="FunctionModel" Value="Standard" />
    <Parameter ID="FunctionModelNumber" Value="0" Type="USINT" />
    <Parameter ID="Supervision" Value="off" />
    <Parameter ID="ChStatusInfo" Value="on" />
    <Parameter ID="ExtChStatusInfo" Value="on" />
    <Parameter ID="SampleTime" Value="100" Type="UINT" />
    <Parameter ID="TraceEnable" Value="off" />
    <Parameter ID="Channel01enable" Value="on" />
    <Parameter ID="ChannelType01" Value="0 to 20mA" />
    <Parameter ID="ChannelErrCheck01" Value="on" />
    <Parameter ID="MinMaxCheck01" Value="off" />
    <Parameter ID="MinLimit01" Value="5243" Type="INT" />
    <Parameter ID="MaxLimit01" Value="32767" Type="INT" />
    <Parameter ID="UserGain01" Value="65536" Type="DINT" />
    <Parameter ID="Useroffset01" Value="0" Type="DINT" />
    <Parameter ID="ChannelFilter01" Value="on" />
    <Parameter ID="FilterOrder01" Value="1" Type="USINT" />
    <Parameter ID="FilterConstant01" Value="500" Type="UINT" />
    <Parameter ID="Channel02enable" Value="on" />
    <Parameter ID="ChannelType02" Value="0 to 20mA" />
    <Parameter ID="ChannelErrCheck02" Value="on" />
    <Parameter ID="MinMaxCheck02" Value="off" />
    <Parameter ID="MinLimit02" Value="5243" Type="INT" />
    <Parameter ID="MaxLimit02" Value="32767" Type="INT" />
    <Parameter ID="UserGain02" Value="65536" Type="DINT" />
    <Parameter ID="Useroffset02" Value="0" Type="DINT" />
    <Parameter ID="ChannelFilter02" Value="on" />
    <Parameter ID="FilterOrder02" Value="1" Type="USINT" />
    <Parameter ID="FilterConstant02" Value="500" Type="UINT" />
    <Parameter ID="Channel03enable" Value="on" />
    <Parameter ID="ChannelType03" Value="0 to 20mA" />
    <Parameter ID="ChannelErrCheck03" Value="on" />
    <Parameter ID="MinMaxCheck03" Value="off" />
    <Parameter ID="MinLimit03" Value="5243" Type="INT" />
    <Parameter ID="MaxLimit03" Value="32767" Type="INT" />
    <Parameter ID="UserGain03" Value="65536" Type="DINT" />
    <Parameter ID="Useroffset03" Value="0" Type="DINT" />
    <Parameter ID="ChannelFilter03" Value="on" />
    <Parameter ID="FilterOrder03" Value="1" Type="USINT" />
    <Parameter ID="FilterConstant03" Value="500" Type="UINT" />
    <Parameter ID="Channel04enable" Value="on" />
    <Parameter ID="ChannelType04" Value="0 to 20mA" />
    <Parameter ID="ChannelErrCheck04" Value="on" />
    <Parameter ID="MinMaxCheck04" Value="off" />
    <Parameter ID="MinLimit04" Value="5243" Type="INT" />
    <Parameter ID="MaxLimit04" Value="32767" Type="INT" />
    <Parameter ID="UserGain04" Value="65536" Type="DINT" />
    <Parameter ID="Useroffset04" Value="0" Type="DINT" />
    <Parameter ID="ChannelFilter04" Value="on" />
    <Parameter ID="FilterOrder04" Value="1" Type="USINT" />
    <Parameter ID="FilterConstant04" Value="500" Type="UINT" />
  </Module>
  <Module ID="IF3.ST1.IF1.ST12" Hardware="X20AI4632">
    <Parameter ID="HardwareModuleName" Value="X20AI4632d" />
  </Module>
  <Module ID="IF3.ST1.IF1.ST12.IO" Hardware="X20AI4632">
    <Parameter ID="FunctionModel" Value="Standard" />
    <Parameter ID="FunctionModelNumber" Value="0" Type="USINT" />
    <Parameter ID="Supervision" Value="off" />
    <Parameter ID="ChStatusInfo" Value="on" />
    <Parameter ID="ExtChStatusInfo" Value="on" />
    <Parameter ID="SampleTime" Value="100" Type="UINT" />
    <Parameter ID="TraceEnable" Value="off" />
    <Parameter ID="Channel01enable" Value="on" />
    <Parameter ID="ChannelType01" Value="0 to 20mA" />
    <Parameter ID="ChannelErrCheck01" Value="on" />
    <Parameter ID="MinMaxCheck01" Value="off" />
    <Parameter ID="MinLimit01" Value="5243" Type="INT" />
    <Parameter ID="MaxLimit01" Value="32767" Type="INT" />
    <Parameter ID="UserGain01" Value="65536" Type="DINT" />
    <Parameter ID="Useroffset01" Value="0" Type="DINT" />
    <Parameter ID="ChannelFilter01" Value="on" />
    <Parameter ID="FilterOrder01" Value="1" Type="USINT" />
    <Parameter ID="FilterConstant01" Value="500" Type="UINT" />
    <Parameter ID="Channel02enable" Value="on" />
    <Parameter ID="ChannelType02" Value="0 to 20mA" />
    <Parameter ID="ChannelErrCheck02" Value="on" />
    <Parameter ID="MinMaxCheck02" Value="off" />
    <Parameter ID="MinLimit02" Value="5243" Type="INT" />
    <Parameter ID="MaxLimit02" Value="32767" Type="INT" />
    <Parameter ID="UserGain02" Value="65536" Type="DINT" />
    <Parameter ID="Useroffset02" Value="0" Type="DINT" />
    <Parameter ID="ChannelFilter02" Value="on" />
    <Parameter ID="FilterOrder02" Value="1" Type="USINT" />
    <Parameter ID="FilterConstant02" Value="500" Type="UINT" />
    <Parameter ID="Channel03enable" Value="on" />
    <Parameter ID="ChannelType03" Value="0 to 20mA" />
    <Parameter ID="ChannelErrCheck03" Value="on" />
    <Parameter ID="MinMaxCheck03" Value="off" />
    <Parameter ID="MinLimit03" Value="5243" Type="INT" />
    <Parameter ID="MaxLimit03" Value="32767" Type="INT" />
    <Parameter ID="UserGain03" Value="65536" Type="DINT" />
    <Parameter ID="Useroffset03" Value="0" Type="DINT" />
    <Parameter ID="ChannelFilter03" Value="on" />
    <Parameter ID="FilterOrder03" Value="1" Type="USINT" />
    <Parameter ID="FilterConstant03" Value="500" Type="UINT" />
    <Parameter ID="Channel04enable" Value="on" />
    <Parameter ID="ChannelType04" Value="0 to 20mA" />
    <Parameter ID="ChannelErrCheck04" Value="on" />
    <Parameter ID="MinMaxCheck04" Value="off" />
    <Parameter ID="MinLimit04" Value="5243" Type="INT" />
    <Parameter ID="MaxLimit04" Value="32767" Type="INT" />
    <Parameter ID="UserGain04" Value="65536" Type="DINT" />
    <Parameter ID="Useroffset04" Value="0" Type="DINT" />
    <Parameter ID="ChannelFilter04" Value="on" />
    <Parameter ID="FilterOrder04" Value="1" Type="USINT" />
    <Parameter ID="FilterConstant04" Value="500" Type="UINT" />
  </Module>
  <Module ID="IF3.ST1.IF1.ST13" Hardware="X20AI4632">
    <Parameter ID="HardwareModuleName" Value="X20AI4632e" />
  </Module>
  <Module ID="IF3.ST1.IF1.ST13.IO" Hardware="X20AI4632">
    <Parameter ID="FunctionModel" Value="Standard" />
    <Parameter ID="FunctionModelNumber" Value="0" Type="USINT" />
    <Parameter ID="Supervision" Value="off" />
    <Parameter ID="ChStatusInfo" Value="on" />
    <Parameter ID="ExtChStatusInfo" Value="on" />
    <Parameter ID="SampleTime" Value="100" Type="UINT" />
    <Parameter ID="TraceEnable" Value="off" />
    <Parameter ID="Channel01enable" Value="on" />
    <Parameter ID="ChannelType01" Value="0 to 20mA" />
    <Parameter ID="ChannelErrCheck01" Value="on" />
    <Parameter ID="MinMaxCheck01" Value="off" />
    <Parameter ID="MinLimit01" Value="5243" Type="INT" />
    <Parameter ID="MaxLimit01" Value="32767" Type="INT" />
    <Parameter ID="UserGain01" Value="65536" Type="DINT" />
    <Parameter ID="Useroffset01" Value="0" Type="DINT" />
    <Parameter ID="ChannelFilter01" Value="on" />
    <Parameter ID="FilterOrder01" Value="1" Type="USINT" />
    <Parameter ID="FilterConstant01" Value="500" Type="UINT" />
    <Parameter ID="Channel02enable" Value="on" />
    <Parameter ID="ChannelType02" Value="0 to 20mA" />
    <Parameter ID="ChannelErrCheck02" Value="on" />
    <Parameter ID="MinMaxCheck02" Value="off" />
    <Parameter ID="MinLimit02" Value="5243" Type="INT" />
    <Parameter ID="MaxLimit02" Value="32767" Type="INT" />
    <Parameter ID="UserGain02" Value="65536" Type="DINT" />
    <Parameter ID="Useroffset02" Value="0" Type="DINT" />
    <Parameter ID="ChannelFilter02" Value="on" />
    <Parameter ID="FilterOrder02" Value="1" Type="USINT" />
    <Parameter ID="FilterConstant02" Value="500" Type="UINT" />
    <Parameter ID="Channel03enable" Value="on" />
    <Parameter ID="ChannelType03" Value="0 to 20mA" />
    <Parameter ID="ChannelErrCheck03" Value="on" />
    <Parameter ID="MinMaxCheck03" Value="off" />
    <Parameter ID="MinLimit03" Value="5243" Type="INT" />
    <Parameter ID="MaxLimit03" Value="32767" Type="INT" />
    <Parameter ID="UserGain03" Value="65536" Type="DINT" />
    <Parameter ID="Useroffset03" Value="0" Type="DINT" />
    <Parameter ID="ChannelFilter03" Value="on" />
    <Parameter ID="FilterOrder03" Value="1" Type="USINT" />
    <Parameter ID="FilterConstant03" Value="500" Type="UINT" />
    <Parameter ID="Channel04enable" Value="off" />
  </Module>
  <Module ID="IF3.ST1.IF1.ST14" Hardware="X20AI4632">
    <Parameter ID="HardwareModuleName" Value="X20AI4632f" />
  </Module>
  <Module ID="IF3.ST1.IF1.ST14.IO" Hardware="X20AI4632">
    <Parameter ID="FunctionModel" Value="Standard" />
    <Parameter ID="FunctionModelNumber" Value="0" Type="USINT" />
    <Parameter ID="Supervision" Value="off" />
    <Parameter ID="ChStatusInfo" Value="on" />
    <Parameter ID="ExtChStatusInfo" Value="on" />
    <Parameter ID="SampleTime" Value="100" Type="UINT" />
    <Parameter ID="TraceEnable" Value="off" />
    <Parameter ID="Channel01enable" Value="on" />
    <Parameter ID="ChannelType01" Value="0 to 20mA" />
    <Parameter ID="ChannelErrCheck01" Value="on" />
    <Parameter ID="MinMaxCheck01" Value="off" />
    <Parameter ID="MinLimit01" Value="5243" Type="INT" />
    <Parameter ID="MaxLimit01" Value="32767" Type="INT" />
    <Parameter ID="UserGain01" Value="65536" Type="DINT" />
    <Parameter ID="Useroffset01" Value="0" Type="DINT" />
    <Parameter ID="ChannelFilter01" Value="on" />
    <Parameter ID="FilterOrder01" Value="1" Type="USINT" />
    <Parameter ID="FilterConstant01" Value="500" Type="UINT" />
    <Parameter ID="Channel02enable" Value="on" />
    <Parameter ID="ChannelType02" Value="0 to 20mA" />
    <Parameter ID="ChannelErrCheck02" Value="on" />
    <Parameter ID="MinMaxCheck02" Value="off" />
    <Parameter ID="MinLimit02" Value="5243" Type="INT" />
    <Parameter ID="MaxLimit02" Value="32767" Type="INT" />
    <Parameter ID="UserGain02" Value="65536" Type="DINT" />
    <Parameter ID="Useroffset02" Value="0" Type="DINT" />
    <Parameter ID="ChannelFilter02" Value="on" />
    <Parameter ID="FilterOrder02" Value="1" Type="USINT" />
    <Parameter ID="FilterConstant02" Value="500" Type="UINT" />
    <Parameter ID="Channel03enable" Value="on" />
    <Parameter ID="ChannelType03" Value="0 to 20mA" />
    <Parameter ID="ChannelErrCheck03" Value="on" />
    <Parameter ID="MinMaxCheck03" Value="off" />
    <Parameter ID="MinLimit03" Value="5243" Type="INT" />
    <Parameter ID="MaxLimit03" Value="32767" Type="INT" />
    <Parameter ID="UserGain03" Value="65536" Type="DINT" />
    <Parameter ID="Useroffset03" Value="0" Type="DINT" />
    <Parameter ID="ChannelFilter03" Value="on" />
    <Parameter ID="FilterOrder03" Value="1" Type="USINT" />
    <Parameter ID="FilterConstant03" Value="500" Type="UINT" />
    <Parameter ID="Channel04enable" Value="off" />
  </Module>
  <Module ID="IF3.ST1.IF1.ST15" Hardware="X20AI4632">
    <Parameter ID="HardwareModuleName" Value="X20AI4632g" />
  </Module>
  <Module ID="IF3.ST1.IF1.ST15.IO" Hardware="X20AI4632">
    <Parameter ID="FunctionModel" Value="Standard" />
    <Parameter ID="FunctionModelNumber" Value="0" Type="USINT" />
    <Parameter ID="Supervision" Value="off" />
    <Parameter ID="ChStatusInfo" Value="on" />
    <Parameter ID="ExtChStatusInfo" Value="off" />
    <Parameter ID="SampleTime" Value="100" Type="UINT" />
    <Parameter ID="TraceEnable" Value="off" />
    <Parameter ID="Channel01enable" Value="off" />
    <Parameter ID="Channel02enable" Value="off" />
    <Parameter ID="Channel03enable" Value="off" />
    <Parameter ID="Channel04enable" Value="off" />
  </Module>
  <Module ID="IF3.ST1.IF1.ST16" Hardware="X20ZF0000">
    <Parameter ID="HardwareModuleName" Value="X20ZF0000b" />
    <Parameter ID="CiRPlaceholder" Value="off" />
  </Module>
  <Module ID="IF3.ST1.IF1.ST17" Hardware="X20AO4622">
    <Parameter ID="HardwareModuleName" Value="X20AO4622a" />
  </Module>
  <Module ID="IF3.ST1.IF1.ST17.IO" Hardware="X20AO4622">
    <Parameter ID="FunctionModel" Value="FunctionModel001" />
    <Parameter ID="FunctionModelNumber" Value="1" Type="USINT" />
    <Parameter ID="Supervision" Value="off" />
    <Parameter ID="ChannelType01" Value="4 to 20mA" />
    <Parameter ID="ChannelType02" Value="4 to 20mA" />
    <Parameter ID="ChannelType03" Value="4 to 20mA" />
    <Parameter ID="ChannelType04" Value="-10V to +10V" />
  </Module>
  <Module ID="IF3.ST1.IF1.ST18" Hardware="X20DI9371">
    <Parameter ID="HardwareModuleName" Value="X20DI9371" />
  </Module>
  <Module ID="IF3.ST1.IF1.ST18.IO" Hardware="X20DI9371">
    <Parameter ID="FunctionModel" Value="Standard" />
    <Parameter ID="FunctionModelNumber" Value="0" Type="USINT" />
    <Parameter ID="Supervision" Value="off" />
    <Parameter ID="InputFilter" Value="10" Type="USINT" />
    <Parameter ID="DigitalInputsPacked" Value="off" />
  </Module>
  <Module ID="IF3.ST1.IF1.ST19" Hardware="X20DI2377">
    <Parameter ID="HardwareModuleName" Value="X20DI2377" />
  </Module>
  <Module ID="IF3.ST1.IF1.ST19.IO" Hardware="X20DI2377">
    <Parameter ID="FunctionModel" Value="Standard" />
    <Parameter ID="FunctionModelNumber" Value="0" Type="USINT" />
    <Parameter ID="Supervision" Value="off" />
    <Parameter ID="InputFilter" Value="10" Type="USINT" />
    <Parameter ID="DigitalInputsPacked" Value="off" />
    <Parameter ID="Counter01Mode" Value="event counter" />
    <Parameter ID="Counter01Reset" Value="cyclic" />
    <Parameter ID="Counter02Mode" Value="event counter" />
    <Parameter ID="Counter02Reset" Value="cyclic" />
  </Module>
  <Module ID="IF3.ST1.IF1.ST20" Hardware="X20DO9322">
    <Parameter ID="HardwareModuleName" Value="X20DO9322" />
  </Module>
  <Module ID="IF3.ST1.IF1.ST20.IO" Hardware="X20DO9322">
    <Parameter ID="FunctionModel" Value="Standard" />
    <Parameter ID="FunctionModelNumber" Value="0" Type="USINT" />
    <Parameter ID="Supervision" Value="off" />
    <Parameter ID="StatusInfo" Value="on" />
    <Parameter ID="DigitalOutputsPacked" Value="off" />
  </Module>
  <Module ID="IF3.ST2" Hardware="8I74xxxxxxx.01P-1">
    <Parameter ID="HardwareModuleName" Value="8I74xxxxxxx.01P-1" />
    <Parameter ID="FunctionModel" Value="Standard" />
    <Parameter ID="Supervision" Value="off" />
    <Parameter ID="InverterInfo_SN" Value="off" />
    <Parameter ID="Mode" Value="CN" />
    <Parameter ID="ResponseTimeout" Value="25" Type="UDINT" />
    <Parameter ID="MuxNetworkSlot" Value="0" Type="UDINT" />
    <Parameter ID="MinimalInputLatency" Value="off" />
    <Parameter ID="SDC_Selection" Value="0" />
    <Parameter ID="SDC_Mode" Value="0" Type="INT" />
    <Parameter ID="SDCAct" Value="No" />
    <Parameter ID="packedETAD" Value="packed" />
    <Parameter ID="packedETI" Value="packed" />
    <Parameter ID="packedCMDD" Value="packed" />
    <Parameter ID="packedCMI" Value="packed" />
    <Parameter ID="LFRD_LFR_Filter" Value="LFR_RFR" />
    <Parameter ID="OTR_SOTR_Filter" Value="OTR_Filter_Value" />
    <Parameter ID="LCR_SLCR_Filter" Value="LCR_Filter_Value" />
    <Parameter ID="ULN_SULN_Filter" Value="ULN_Filter_Value" />
    <Parameter ID="UOP_active" Value="Yes" />
    <Parameter ID="PISP_active" Value="No" />
    <Parameter ID="AIV1_active" Value="No" />
    <Parameter ID="AIV2_active" Value="No" />
    <Parameter ID="DownloadParameters" Value="yes" />
    <Parameter ID="CCheck_PS" Value="no" />
    <Parameter ID="LAC" Value="3" Type="INT" />
    <Parameter ID="CFG" Value="0" Type="INT" />
    <Parameter ID="INR_Selection" Value="1" />
    <Parameter ID="HSP" Value="600" Type="UINT" />
    <Parameter ID="ITH" Value="63" Type="UINT" />
    <Parameter ID="BFR" Value="0" />
    <Parameter ID="_BFR" Value="0" Type="INT" />
    <Parameter ID="CTT" Value="3" />
    <Parameter ID="_CTT" Value="3" Type="INT" />
    <Parameter ID="NPR" Value="300" Type="UINT" />
    <Parameter ID="COS" Value="81" Type="UINT" />
    <Parameter ID="UNS" Value="400" Type="UINT" />
    <Parameter ID="NCR" Value="63" Type="UINT" />
    <Parameter ID="NSP" Value="1455" Type="UINT" />
    <Parameter ID="AI2T" Value="5" />
    <Parameter ID="FR1" Value="169" Type="INT" />
    <Parameter ID="CD1" Value="30" Type="INT" />
    <Parameter ID="CD2" Value="1" Type="INT" />
    <Parameter ID="QSTD" Value="6" Type="INT" />
    <Parameter ID="PIF1" Value="100" Type="UINT" />
    <Parameter ID="RSF" Value="131" Type="INT" />
    <Parameter ID="ATR" Value="1" Type="INT" />
    <Parameter ID="Simulate" Value="none" />
  </Module>
  <Module ID="IF3.ST3" Hardware="X20BC0083">
    <Parameter ID="HardwareModuleName" Value="X20BC0083" />
    <Parameter ID="Supervision" Value="off" />
    <Parameter ID="LinkSelectorInfo" Value="off" />
    <Parameter ID="IPGateway" Value="240" Type="DINT" />
    <Parameter ID="Mode" Value="CN" />
    <Parameter ID="ResponseTimeout" Value="25" Type="UDINT" />
    <Parameter ID="CiR" Value="off" />
    <Parameter ID="MuxNetworkSlot" Value="0" Type="UDINT" />
    <Parameter ID="MinimalInputLatency" Value="off" />
    <Parameter ID="EPL_Chained" Value="off" />
    <Parameter ID="EPL_PReqDataInPResMN" Value="off" />
    <Parameter ID="SyncMode" Value="SoC" />
    <Parameter ID="EnableDNA" Value="off" />
  </Module>
  <Module ID="IF3.ST3.IF1" Hardware="IF1">
    <Parameter ID="QLinkMinBitsize" Value="8" Type="UDINT" />
  </Module>
  <Module ID="IF3.ST3.IF1.X2X" Hardware="X2X">
    <Parameter ID="CycleTime" Value="2000" Type="UDINT" />
    <Parameter ID="Synchron" Value="on" />
    <Parameter ID="BusLength" Value="1000" Type="UDINT" />
    <Parameter ID="Stations" Value="64" Type="UDINT" />
    <Parameter ID="AsyncPayload" Value="80" Type="UDINT" />
    <Parameter ID="Asymmetric" Value="off" />
    <Parameter ID="CyclicX2XNettime" Value="off" />
    <Parameter ID="CiR" Value="off" />
  </Module>
  <Module ID="IF3.ST3.IF1.ST1" Hardware="X20PS9400a">
    <Parameter ID="HardwareModuleName" Value="X20PS9400" />
  </Module>
  <Module ID="IF3.ST3.IF1.ST1.IO" Hardware="X20PS9400a">
    <Parameter ID="FunctionModel" Value="Standard" />
    <Parameter ID="FunctionModelNumber" Value="0" Type="USINT" />
    <Parameter ID="Supervision" Value="off" />
    <Parameter ID="StatusInfo" Value="on" />
    <Parameter ID="PowerInfo" Value="off" />
  </Module>
  <Module ID="IF3.ST3.IF1.ST2" Hardware="X20AP3131">
    <Parameter ID="HardwareModuleName" Value="X20AP3131" />
  </Module>
  <Module ID="IF3.ST3.IF1.ST2.IO" Hardware="X20AP3131">
    <Parameter ID="MaxInSize" Value="30" Type="UDINT" />
    <Parameter ID="MaxOutSize" Value="30" Type="UDINT" />
    <Parameter ID="FunctionModel" Value="Oversampling" />
    <Parameter ID="FunctionModelNumber" Value="0" Type="USINT" />
    <Parameter ID="Supervision" Value="off" />
    <Parameter ID="SamplePrescaler" Value="4" Type="USINT" />
    <Parameter ID="BaseFrequency" Value="60" />
    <Parameter ID="EnRegStatA" Value="on" />
    <Parameter ID="EnRegStatB" Value="on" />
    <Parameter ID="EnRegStatC" Value="on" />
    <Parameter ID="CurrentRatioA" Value="20" Type="UINT" />
    <Parameter ID="CurrentRatioB" Value="20" Type="UINT" />
    <Parameter ID="CurrentRatioC" Value="100" Type="UINT" />
    <Parameter ID="CurrentRatioN" Value="100" Type="UINT" />
    <Parameter ID="SampleTimestamp" Value="off" />
    <Parameter ID="SampleCount" Value="8bit" />
    <Parameter ID="SamPhAVol_0" Value="on" />
    <Parameter ID="SamPhAVol_1" Value="on" />
    <Parameter ID="SamPhAVol_2" Value="on" />
    <Parameter ID="SamPhAVol_3" Value="on" />
    <Parameter ID="SamPhAVol_4" Value="off" />
    <Parameter ID="SamPhAVol_5" Value="off" />
    <Parameter ID="SamPhAVol_6" Value="off" />
    <Parameter ID="SamPhAVol_7" Value="off" />
    <Parameter ID="SamPhAVol_8" Value="off" />
    <Parameter ID="SamPhAVol_9" Value="off" />
    <Parameter ID="SamPhAVol_10" Value="off" />
    <Parameter ID="SamPhAVol_11" Value="off" />
    <Parameter ID="SamPhAVol_12" Value="off" />
    <Parameter ID="SamPhAVol_13" Value="off" />
    <Parameter ID="SamPhAVol_14" Value="off" />
    <Parameter ID="SamPhAVol_15" Value="off" />
    <Parameter ID="SamPhBVol_0" Value="on" />
    <Parameter ID="SamPhBVol_1" Value="on" />
    <Parameter ID="SamPhBVol_2" Value="on" />
    <Parameter ID="SamPhBVol_3" Value="on" />
    <Parameter ID="SamPhBVol_4" Value="off" />
    <Parameter ID="SamPhBVol_5" Value="off" />
    <Parameter ID="SamPhBVol_6" Value="off" />
    <Parameter ID="SamPhBVol_7" Value="off" />
    <Parameter ID="SamPhBVol_8" Value="off" />
    <Parameter ID="SamPhBVol_9" Value="off" />
    <Parameter ID="SamPhBVol_10" Value="off" />
    <Parameter ID="SamPhBVol_11" Value="off" />
    <Parameter ID="SamPhBVol_12" Value="off" />
    <Parameter ID="SamPhBVol_13" Value="off" />
    <Parameter ID="SamPhBVol_14" Value="off" />
    <Parameter ID="SamPhBVol_15" Value="off" />
    <Parameter ID="SamPhCVol_0" Value="off" />
    <Parameter ID="SamPhCVol_1" Value="off" />
    <Parameter ID="SamPhCVol_2" Value="off" />
    <Parameter ID="SamPhCVol_3" Value="off" />
    <Parameter ID="SamPhCVol_4" Value="off" />
    <Parameter ID="SamPhCVol_5" Value="off" />
    <Parameter ID="SamPhCVol_6" Value="off" />
    <Parameter ID="SamPhCVol_7" Value="off" />
    <Parameter ID="SamPhCVol_8" Value="off" />
    <Parameter ID="SamPhCVol_9" Value="off" />
    <Parameter ID="SamPhCVol_10" Value="off" />
    <Parameter ID="SamPhCVol_11" Value="off" />
    <Parameter ID="SamPhCVol_12" Value="off" />
    <Parameter ID="SamPhCVol_13" Value="off" />
    <Parameter ID="SamPhCVol_14" Value="off" />
    <Parameter ID="SamPhCVol_15" Value="off" />
    <Parameter ID="SamPhACur_0" Value="on" />
    <Parameter ID="SamPhACur_1" Value="on" />
    <Parameter ID="SamPhACur_2" Value="on" />
    <Parameter ID="SamPhACur_3" Value="on" />
    <Parameter ID="SamPhACur_4" Value="off" />
    <Parameter ID="SamPhACur_5" Value="off" />
    <Parameter ID="SamPhACur_6" Value="off" />
    <Parameter ID="SamPhACur_7" Value="off" />
    <Parameter ID="SamPhACur_8" Value="off" />
    <Parameter ID="SamPhACur_9" Value="off" />
    <Parameter ID="SamPhACur_10" Value="off" />
    <Parameter ID="SamPhACur_11" Value="off" />
    <Parameter ID="SamPhACur_12" Value="off" />
    <Parameter ID="SamPhACur_13" Value="off" />
    <Parameter ID="SamPhACur_14" Value="off" />
    <Parameter ID="SamPhACur_15" Value="off" />
    <Parameter ID="SamPhBCur_0" Value="off" />
    <Parameter ID="SamPhBCur_1" Value="off" />
    <Parameter ID="SamPhBCur_2" Value="off" />
    <Parameter ID="SamPhBCur_3" Value="off" />
    <Parameter ID="SamPhBCur_4" Value="off" />
    <Parameter ID="SamPhBCur_5" Value="off" />
    <Parameter ID="SamPhBCur_6" Value="off" />
    <Parameter ID="SamPhBCur_7" Value="off" />
    <Parameter ID="SamPhBCur_8" Value="off" />
    <Parameter ID="SamPhBCur_9" Value="off" />
    <Parameter ID="SamPhBCur_10" Value="off" />
    <Parameter ID="SamPhBCur_11" Value="off" />
    <Parameter ID="SamPhBCur_12" Value="off" />
    <Parameter ID="SamPhBCur_13" Value="off" />
    <Parameter ID="SamPhBCur_14" Value="off" />
    <Parameter ID="SamPhBCur_15" Value="off" />
    <Parameter ID="SamPhCCur_0" Value="off" />
    <Parameter ID="SamPhCCur_1" Value="off" />
    <Parameter ID="SamPhCCur_2" Value="off" />
    <Parameter ID="SamPhCCur_3" Value="off" />
    <Parameter ID="SamPhCCur_4" Value="off" />
    <Parameter ID="SamPhCCur_5" Value="off" />
    <Parameter ID="SamPhCCur_6" Value="off" />
    <Parameter ID="SamPhCCur_7" Value="off" />
    <Parameter ID="SamPhCCur_8" Value="off" />
    <Parameter ID="SamPhCCur_9" Value="off" />
    <Parameter ID="SamPhCCur_10" Value="off" />
    <Parameter ID="SamPhCCur_11" Value="off" />
    <Parameter ID="SamPhCCur_12" Value="off" />
    <Parameter ID="SamPhCCur_13" Value="off" />
    <Parameter ID="SamPhCCur_14" Value="off" />
    <Parameter ID="SamPhCCur_15" Value="off" />
    <Parameter ID="SamNLCur_0" Value="off" />
    <Parameter ID="SamNLCur_1" Value="off" />
    <Parameter ID="SamNLCur_2" Value="off" />
    <Parameter ID="SamNLCur_3" Value="off" />
    <Parameter ID="SamNLCur_4" Value="off" />
    <Parameter ID="SamNLCur_5" Value="off" />
    <Parameter ID="SamNLCur_6" Value="off" />
    <Parameter ID="SamNLCur_7" Value="off" />
    <Parameter ID="SamNLCur_8" Value="off" />
    <Parameter ID="SamNLCur_9" Value="off" />
    <Parameter ID="SamNLCur_10" Value="off" />
    <Parameter ID="SamNLCur_11" Value="off" />
    <Parameter ID="SamNLCur_12" Value="off" />
    <Parameter ID="SamNLCur_13" Value="off" />
    <Parameter ID="SamNLCur_14" Value="off" />
    <Parameter ID="SamNLCur_15" Value="off" />
  </Module>
  <Module ID="IF3.ST3.IF1.ST3" Hardware="X20AO4632">
    <Parameter ID="HardwareModuleName" Value="X20AO4632" />
  </Module>
  <Module ID="IF3.ST3.IF1.ST3.IO" Hardware="X20AO4632">
    <Parameter ID="FunctionModel" Value="Standard" />
    <Parameter ID="FunctionModelNumber" Value="0" Type="USINT" />
    <Parameter ID="Supervision" Value="off" />
    <Parameter ID="ChannelType01" Value="0 to 20mA" />
    <Parameter ID="ChannelType02" Value="0 to 20mA" />
    <Parameter ID="ChannelType03" Value="0 to 20mA" />
    <Parameter ID="ChannelType04" Value="-10V to +10V" />
  </Module>
  <Module ID="IF6.X2X" Hardware="X2X">
    <Parameter ID="CycleTime" Value="2000" Type="UDINT" />
    <Parameter ID="Synchron" Value="on" />
    <Parameter ID="BusLength" Value="1000" Type="UDINT" />
    <Parameter ID="Stations" Value="64" Type="UDINT" />
    <Parameter ID="AsyncPayload" Value="80" Type="UDINT" />
    <Parameter ID="Asymmetric" Value="off" />
    <Parameter ID="OutputJustInTime" Value="on" />
    <Parameter ID="BusCycleTrigger" Value="auto" />
    <Parameter ID="OutputCycleTrigger" Value="auto" />
  </Module>
  <Module ID="IF6.ST1" Hardware="X20AO4622">
    <Parameter ID="HardwareModuleName" Value="X20AO4622" />
  </Module>
  <Module ID="IF6.ST1.IO" Hardware="X20AO4622">
    <Parameter ID="FunctionModel" Value="FunctionModel001" />
    <Parameter ID="FunctionModelNumber" Value="1" Type="USINT" />
    <Parameter ID="Supervision" Value="off" />
    <Parameter ID="ChannelType01" Value="4 to 20mA" />
    <Parameter ID="ChannelType02" Value="-10V to +10V" />
    <Parameter ID="ChannelType03" Value="-10V to +10V" />
    <Parameter ID="ChannelType04" Value="-10V to +10V" />
  </Module>
  <Module ID="IF6.ST2" Hardware="X20DI4371">
    <Parameter ID="HardwareModuleName" Value="X20DI4371" />
  </Module>
  <Module ID="IF6.ST2.IO" Hardware="X20DI4371">
    <Parameter ID="FunctionModel" Value="Standard" />
    <Parameter ID="FunctionModelNumber" Value="0" Type="USINT" />
    <Parameter ID="Supervision" Value="off" />
    <Parameter ID="InputFilter" Value="10" Type="USINT" />
    <Parameter ID="DigitalInputsPacked" Value="off" />
  </Module>
  <Module ID="IF6.ST3" Hardware="X20DO9322">
    <Parameter ID="HardwareModuleName" Value="X20DO9322a" />
  </Module>
  <Module ID="IF6.ST3.IO" Hardware="X20DO9322">
    <Parameter ID="FunctionModel" Value="Standard" />
    <Parameter ID="FunctionModelNumber" Value="0" Type="USINT" />
    <Parameter ID="Supervision" Value="off" />
    <Parameter ID="StatusInfo" Value="on" />
    <Parameter ID="DigitalOutputsPacked" Value="off" />
  </Module>
  <Module ID="IF6.ST4" Hardware="X20AI4632">
    <Parameter ID="HardwareModuleName" Value="X20AI4632h" />
  </Module>
  <Module ID="IF6.ST4.IO" Hardware="X20AI4632">
    <Parameter ID="FunctionModel" Value="Standard" />
    <Parameter ID="FunctionModelNumber" Value="0" Type="USINT" />
    <Parameter ID="Supervision" Value="on" />
    <Parameter ID="ChStatusInfo" Value="on" />
    <Parameter ID="ExtChStatusInfo" Value="on" />
    <Parameter ID="SampleTime" Value="100" Type="UINT" />
    <Parameter ID="TraceEnable" Value="off" />
    <Parameter ID="Channel01enable" Value="on" />
    <Parameter ID="ChannelType01" Value="-10V to +10V" />
    <Parameter ID="ChannelErrCheck01" Value="on" />
    <Parameter ID="MinMaxCheck01" Value="off" />
    <Parameter ID="MinLimit01" Value="-1638" Type="INT" />
    <Parameter ID="MaxLimit01" Value="32767" Type="INT" />
    <Parameter ID="UserGain01" Value="65536" Type="DINT" />
    <Parameter ID="Useroffset01" Value="0" Type="DINT" />
    <Parameter ID="ChannelFilter01" Value="on" />
    <Parameter ID="FilterOrder01" Value="1" Type="USINT" />
    <Parameter ID="FilterConstant01" Value="500" Type="UINT" />
    <Parameter ID="Channel02enable" Value="on" />
    <Parameter ID="ChannelType02" Value="0 to 20mA" />
    <Parameter ID="ChannelErrCheck02" Value="on" />
    <Parameter ID="MinMaxCheck02" Value="off" />
    <Parameter ID="MinLimit02" Value="5243" Type="INT" />
    <Parameter ID="MaxLimit02" Value="32767" Type="INT" />
    <Parameter ID="UserGain02" Value="65536" Type="DINT" />
    <Parameter ID="Useroffset02" Value="0" Type="DINT" />
    <Parameter ID="ChannelFilter02" Value="on" />
    <Parameter ID="FilterOrder02" Value="1" Type="USINT" />
    <Parameter ID="FilterConstant02" Value="500" Type="UINT" />
    <Parameter ID="Channel03enable" Value="off" />
    <Parameter ID="Channel04enable" Value="off" />
  </Module>
  <Module ID="IF6.ST5" Hardware="X20ZF0000">
    <Parameter ID="HardwareModuleName" Value="X20ZF0000c" />
    <Parameter ID="CiRPlaceholder" Value="off" />
  </Module>
  <Module ID="IF6.ST6" Hardware="X20ATB312">
    <Parameter ID="HardwareModuleName" Value="X20ATB312c" />
  </Module>
  <Module ID="IF6.ST6.IO" Hardware="X20ATB312">
    <Parameter ID="FunctionModel" Value="Standard" />
    <Parameter ID="FunctionModelNumber" Value="0" Type="USINT" />
    <Parameter ID="Supervision" Value="on" />
    <Parameter ID="InputFilter" Value="100ms" />
    <Parameter ID="OrderSINC" Value="4" />
    <Parameter ID="ChopMode" Value="on" />
    <Parameter ID="CompactSTS" Value="off" />
    <Parameter ID="Ch01" Value="on" />
    <Parameter ID="SensorType_Ch01" Value="PT100_1mK" />
    <Parameter ID="FormatCC_Ch01" Value="off" />
    <Parameter ID="FormatST_Ch01" Value="off" />
    <Parameter ID="UserLimits_Ch01" Value="on" />
    <Parameter ID="UpperLimit_Ch01" Value="85000" Type="DINT" />
    <Parameter ID="LowerLimit_Ch01" Value="-20000" Type="DINT" />
    <Parameter ID="Hysteresis_Ch01" Value="1000" Type="UINT" />
    <Parameter ID="Replace_Ch01" Value="static" />
    <Parameter ID="ReplacementUpper_Ch01" Value="85000" Type="DINT" />
    <Parameter ID="ReplacementLower_Ch01" Value="-20000" Type="DINT" />
    <Parameter ID="PreparationInterval_Ch01" Value="1000" Type="UINT" />
    <Parameter ID="FormatSR_Ch01" Value="packed" />
    <Parameter ID="ErrorDelay_Ch01" Value="2" Type="UINT" />
    <Parameter ID="SumErrorDelay_Ch01" Value="4000" Type="UINT" />
    <Parameter ID="Ch02" Value="off" />
    <Parameter ID="Ch03" Value="off" />
    <Parameter ID="Ch04" Value="off" />
  </Module>
  <Module ID="SS1" Hardware="X20IF1061-1">
    <Parameter ID="HardwareModuleName" Value="X20IF1061_1" />
    <Parameter ID="ConfigFile" Value="X20IF1061_1.dtm" />
    <Parameter ID="ConfigModule" Value="asnxdb1" />
    <Parameter ID="CycleTime" Value="2000" Type="UDINT" />
    <Parameter ID="MasterRedundancy" Value="0" />
    <Parameter ID="ConfigUID" Value="596755405" Type="UDINT" />
  </Module>
  <Module ID="SS1.IF1.NETX" Hardware="NETX" />
  <Module ID="SS1.IF1.NETX.BUS" Hardware="X20IF1061-1">
    <Channel ID="Communication_Change_of_State">
      <Parameter ID="Ext" Value="/HW /STATE /PSEUDOCYCLIC" />
      <Parameter ID="Address" Value="0" Type="UDINT" />
      <Parameter ID="Direction" Value="IN" />
      <Parameter ID="Type" Value="UDINT" />
    </Channel>
    <Channel ID="Communication_State">
      <Parameter ID="Ext" Value="/HW /STATE /PSEUDOCYCLIC" />
      <Parameter ID="Address" Value="4" Type="UDINT" />
      <Parameter ID="Direction" Value="IN" />
      <Parameter ID="Type" Value="UDINT" />
    </Channel>
    <Channel ID="Communication_Error">
      <Parameter ID="Ext" Value="/HW /STATE /PSEUDOCYCLIC" />
      <Parameter ID="Address" Value="8" Type="UDINT" />
      <Parameter ID="Direction" Value="IN" />
      <Parameter ID="Type" Value="UDINT" />
    </Channel>
    <Channel ID="Version">
      <Parameter ID="Ext" Value="/HW /STATE /PSEUDOCYCLIC" />
      <Parameter ID="Address" Value="12" Type="UDINT" />
      <Parameter ID="Direction" Value="IN" />
      <Parameter ID="Type" Value="UINT" />
    </Channel>
    <Channel ID="Watchdog_Timeout">
      <Parameter ID="Ext" Value="/HW /STATE /PSEUDOCYCLIC" />
      <Parameter ID="Address" Value="14" Type="UDINT" />
      <Parameter ID="Direction" Value="IN" />
      <Parameter ID="Type" Value="UINT" />
    </Channel>
    <Channel ID="Host_Watchdog">
      <Parameter ID="Ext" Value="/HW /STATE /PSEUDOCYCLIC" />
      <Parameter ID="Address" Value="20" Type="UDINT" />
      <Parameter ID="Direction" Value="IN" />
      <Parameter ID="Type" Value="UDINT" />
    </Channel>
    <Channel ID="Error_Count">
      <Parameter ID="Ext" Value="/HW /STATE /PSEUDOCYCLIC" />
      <Parameter ID="Address" Value="24" Type="UDINT" />
      <Parameter ID="Direction" Value="IN" />
      <Parameter ID="Type" Value="UDINT" />
    </Channel>
    <Channel ID="Error_Log_Indicator">
      <Parameter ID="Ext" Value="/HW /STATE /PSEUDOCYCLIC" />
      <Parameter ID="Address" Value="28" Type="UDINT" />
      <Parameter ID="Direction" Value="IN" />
      <Parameter ID="Type" Value="UDINT" />
    </Channel>
    <Channel ID="Slave_State">
      <Parameter ID="Ext" Value="/HW /STATE /PSEUDOCYCLIC" />
      <Parameter ID="Address" Value="40" Type="UDINT" />
      <Parameter ID="Direction" Value="IN" />
      <Parameter ID="Type" Value="UDINT" />
    </Channel>
    <Channel ID="Slave_Error_Log_Indicator">
      <Parameter ID="Ext" Value="/HW /STATE /PSEUDOCYCLIC" />
      <Parameter ID="Address" Value="44" Type="UDINT" />
      <Parameter ID="Direction" Value="IN" />
      <Parameter ID="Type" Value="UDINT" />
    </Channel>
    <Channel ID="Configured_Slaves">
      <Parameter ID="Ext" Value="/HW /STATE /PSEUDOCYCLIC" />
      <Parameter ID="Address" Value="48" Type="UDINT" />
      <Parameter ID="Direction" Value="IN" />
      <Parameter ID="Type" Value="UDINT" />
    </Channel>
    <Channel ID="Active_Slaves">
      <Parameter ID="Ext" Value="/HW /STATE /PSEUDOCYCLIC" />
      <Parameter ID="Address" Value="52" Type="UDINT" />
      <Parameter ID="Direction" Value="IN" />
      <Parameter ID="Type" Value="UDINT" />
    </Channel>
    <Channel ID="Faulted_Slaves">
      <Parameter ID="Ext" Value="/HW /STATE /PSEUDOCYCLIC" />
      <Parameter ID="Address" Value="56" Type="UDINT" />
      <Parameter ID="Direction" Value="IN" />
      <Parameter ID="Type" Value="UDINT" />
    </Channel>
    <Channel ID="SlaveConfig_4">
      <Parameter ID="Ext" Value="/HW" />
      <Parameter ID="Address" Value="128" Type="UDINT" />
      <Parameter ID="BitOffset" Value="4" Type="UDINT" />
      <Parameter ID="Direction" Value="IN" />
      <Parameter ID="Type" Value="BOOL" />
    </Channel>
    <Channel ID="SlaveState_4">
      <Parameter ID="Ext" Value="/HW" />
      <Parameter ID="Address" Value="144" Type="UDINT" />
      <Parameter ID="BitOffset" Value="4" Type="UDINT" />
      <Parameter ID="Direction" Value="IN" />
      <Parameter ID="Type" Value="BOOL" />
    </Channel>
    <Channel ID="SlaveDiag_4">
      <Parameter ID="Ext" Value="/HW" />
      <Parameter ID="Address" Value="160" Type="UDINT" />
      <Parameter ID="BitOffset" Value="4" Type="UDINT" />
      <Parameter ID="Direction" Value="IN" />
      <Parameter ID="Type" Value="BOOL" />
    </Channel>
  </Module>
  <Module ID="SS1.IF1.ST4" Hardware="NetX_any">
    <Parameter ID="HardwareModuleName" Value="MK200_Profibus" />
    <Parameter ID="OrderNumber" Value="MK200 Profibus" />
  </Module>
  <Module ID="SS1.IF1.ST4.IO" Hardware="NetX_any">
    <Parameter ID="Supervision" Value="off" />
    <Channel ID="ModuleOk">
      <Parameter ID="Ext" Value="/OK /STATE" />
      <Parameter ID="Address" Value="16777248" Type="UDINT" />
      <Parameter ID="BitOffset" Value="4" Type="UDINT" />
      <Parameter ID="Direction" Value="IN" />
      <Parameter ID="Type" Value="BOOL" />
      <Parameter ID="Sig_St_Bool" Value="1" />
    </Channel>
    <Channel ID="Module001_Input_1">
      <Parameter ID="Ext" Value="/HW" />
      <Parameter ID="Address" Value="0" Type="UDINT" />
      <Parameter ID="Direction" Value="IN" />
      <Parameter ID="Type" Value="UINT" />
    </Channel>
    <Channel ID="Module001_Input_2">
      <Parameter ID="Ext" Value="/HW" />
      <Parameter ID="Address" Value="2" Type="UDINT" />
      <Parameter ID="Direction" Value="IN" />
      <Parameter ID="Type" Value="UINT" />
    </Channel>
    <Channel ID="Module001_Input_3">
      <Parameter ID="Ext" Value="/HW" />
      <Parameter ID="Address" Value="4" Type="UDINT" />
      <Parameter ID="Direction" Value="IN" />
      <Parameter ID="Type" Value="UINT" />
    </Channel>
    <Channel ID="Module001_Input_4">
      <Parameter ID="Ext" Value="/HW" />
      <Parameter ID="Address" Value="6" Type="UDINT" />
      <Parameter ID="Direction" Value="IN" />
      <Parameter ID="Type" Value="UINT" />
    </Channel>
    <Channel ID="Module001_Input_5">
      <Parameter ID="Ext" Value="/HW" />
      <Parameter ID="Address" Value="8" Type="UDINT" />
      <Parameter ID="Direction" Value="IN" />
      <Parameter ID="Type" Value="UINT" />
    </Channel>
    <Channel ID="Module001_Input_6">
      <Parameter ID="Ext" Value="/HW" />
      <Parameter ID="Address" Value="10" Type="UDINT" />
      <Parameter ID="Direction" Value="IN" />
      <Parameter ID="Type" Value="UINT" />
    </Channel>
    <Channel ID="Module001_Input_7">
      <Parameter ID="Ext" Value="/HW" />
      <Parameter ID="Address" Value="12" Type="UDINT" />
      <Parameter ID="Direction" Value="IN" />
      <Parameter ID="Type" Value="UINT" />
    </Channel>
    <Channel ID="Module001_Input_8">
      <Parameter ID="Ext" Value="/HW" />
      <Parameter ID="Address" Value="14" Type="UDINT" />
      <Parameter ID="Direction" Value="IN" />
      <Parameter ID="Type" Value="UINT" />
    </Channel>
    <Channel ID="Module001_Input_9">
      <Parameter ID="Ext" Value="/HW" />
      <Parameter ID="Address" Value="16" Type="UDINT" />
      <Parameter ID="Direction" Value="IN" />
      <Parameter ID="Type" Value="UINT" />
    </Channel>
    <Channel ID="Module001_Input_10">
      <Parameter ID="Ext" Value="/HW" />
      <Parameter ID="Address" Value="18" Type="UDINT" />
      <Parameter ID="Direction" Value="IN" />
      <Parameter ID="Type" Value="UINT" />
    </Channel>
    <Channel ID="Module001_Input_11">
      <Parameter ID="Ext" Value="/HW" />
      <Parameter ID="Address" Value="20" Type="UDINT" />
      <Parameter ID="Direction" Value="IN" />
      <Parameter ID="Type" Value="UINT" />
    </Channel>
    <Channel ID="Module001_Input_12">
      <Parameter ID="Ext" Value="/HW" />
      <Parameter ID="Address" Value="22" Type="UDINT" />
      <Parameter ID="Direction" Value="IN" />
      <Parameter ID="Type" Value="UINT" />
    </Channel>
    <Channel ID="Module001_Input_13">
      <Parameter ID="Ext" Value="/HW" />
      <Parameter ID="Address" Value="24" Type="UDINT" />
      <Parameter ID="Direction" Value="IN" />
      <Parameter ID="Type" Value="UINT" />
    </Channel>
    <Channel ID="Module001_Input_14">
      <Parameter ID="Ext" Value="/HW" />
      <Parameter ID="Address" Value="26" Type="UDINT" />
      <Parameter ID="Direction" Value="IN" />
      <Parameter ID="Type" Value="UINT" />
    </Channel>
    <Channel ID="Module001_Input_15">
      <Parameter ID="Ext" Value="/HW" />
      <Parameter ID="Address" Value="28" Type="UDINT" />
      <Parameter ID="Direction" Value="IN" />
      <Parameter ID="Type" Value="UINT" />
    </Channel>
    <Channel ID="Module001_Input_16">
      <Parameter ID="Ext" Value="/HW" />
      <Parameter ID="Address" Value="30" Type="UDINT" />
      <Parameter ID="Direction" Value="IN" />
      <Parameter ID="Type" Value="UINT" />
    </Channel>
    <Channel ID="Module001_Input_17">
      <Parameter ID="Ext" Value="/HW" />
      <Parameter ID="Address" Value="32" Type="UDINT" />
      <Parameter ID="Direction" Value="IN" />
      <Parameter ID="Type" Value="UINT" />
    </Channel>
    <Channel ID="Module001_Input_18">
      <Parameter ID="Ext" Value="/HW" />
      <Parameter ID="Address" Value="34" Type="UDINT" />
      <Parameter ID="Direction" Value="IN" />
      <Parameter ID="Type" Value="UINT" />
    </Channel>
    <Channel ID="Module001_Input_19">
      <Parameter ID="Ext" Value="/HW" />
      <Parameter ID="Address" Value="36" Type="UDINT" />
      <Parameter ID="Direction" Value="IN" />
      <Parameter ID="Type" Value="UINT" />
    </Channel>
    <Channel ID="Module001_Input_20">
      <Parameter ID="Ext" Value="/HW" />
      <Parameter ID="Address" Value="38" Type="UDINT" />
      <Parameter ID="Direction" Value="IN" />
      <Parameter ID="Type" Value="UINT" />
    </Channel>
    <Channel ID="Module001_Input_21">
      <Parameter ID="Ext" Value="/HW" />
      <Parameter ID="Address" Value="40" Type="UDINT" />
      <Parameter ID="Direction" Value="IN" />
      <Parameter ID="Type" Value="UINT" />
    </Channel>
    <Channel ID="Module001_Input_22">
      <Parameter ID="Ext" Value="/HW" />
      <Parameter ID="Address" Value="42" Type="UDINT" />
      <Parameter ID="Direction" Value="IN" />
      <Parameter ID="Type" Value="UINT" />
    </Channel>
    <Channel ID="Module001_Input_23">
      <Parameter ID="Ext" Value="/HW" />
      <Parameter ID="Address" Value="44" Type="UDINT" />
      <Parameter ID="Direction" Value="IN" />
      <Parameter ID="Type" Value="UINT" />
    </Channel>
    <Channel ID="Module001_Input_24">
      <Parameter ID="Ext" Value="/HW" />
      <Parameter ID="Address" Value="46" Type="UDINT" />
      <Parameter ID="Direction" Value="IN" />
      <Parameter ID="Type" Value="UINT" />
    </Channel>
    <Channel ID="Module001_Input_25">
      <Parameter ID="Ext" Value="/HW" />
      <Parameter ID="Address" Value="48" Type="UDINT" />
      <Parameter ID="Direction" Value="IN" />
      <Parameter ID="Type" Value="UINT" />
    </Channel>
    <Channel ID="Module001_Input_26">
      <Parameter ID="Ext" Value="/HW" />
      <Parameter ID="Address" Value="50" Type="UDINT" />
      <Parameter ID="Direction" Value="IN" />
      <Parameter ID="Type" Value="UINT" />
    </Channel>
    <Channel ID="Module001_Input_27">
      <Parameter ID="Ext" Value="/HW" />
      <Parameter ID="Address" Value="52" Type="UDINT" />
      <Parameter ID="Direction" Value="IN" />
      <Parameter ID="Type" Value="UINT" />
    </Channel>
    <Channel ID="Module001_Input_28">
      <Parameter ID="Ext" Value="/HW" />
      <Parameter ID="Address" Value="54" Type="UDINT" />
      <Parameter ID="Direction" Value="IN" />
      <Parameter ID="Type" Value="UINT" />
    </Channel>
    <Channel ID="Module001_Input_29">
      <Parameter ID="Ext" Value="/HW" />
      <Parameter ID="Address" Value="56" Type="UDINT" />
      <Parameter ID="Direction" Value="IN" />
      <Parameter ID="Type" Value="UINT" />
    </Channel>
    <Channel ID="Module001_Input_30">
      <Parameter ID="Ext" Value="/HW" />
      <Parameter ID="Address" Value="58" Type="UDINT" />
      <Parameter ID="Direction" Value="IN" />
      <Parameter ID="Type" Value="UINT" />
    </Channel>
    <Channel ID="Module001_Input_31">
      <Parameter ID="Ext" Value="/HW" />
      <Parameter ID="Address" Value="60" Type="UDINT" />
      <Parameter ID="Direction" Value="IN" />
      <Parameter ID="Type" Value="UINT" />
    </Channel>
    <Channel ID="Module001_Input_32">
      <Parameter ID="Ext" Value="/HW" />
      <Parameter ID="Address" Value="62" Type="UDINT" />
      <Parameter ID="Direction" Value="IN" />
      <Parameter ID="Type" Value="UINT" />
    </Channel>
    <Channel ID="Module001_Input_33">
      <Parameter ID="Ext" Value="/HW" />
      <Parameter ID="Address" Value="64" Type="UDINT" />
      <Parameter ID="Direction" Value="IN" />
      <Parameter ID="Type" Value="UINT" />
    </Channel>
    <Channel ID="Module001_Input_34">
      <Parameter ID="Ext" Value="/HW" />
      <Parameter ID="Address" Value="66" Type="UDINT" />
      <Parameter ID="Direction" Value="IN" />
      <Parameter ID="Type" Value="UINT" />
    </Channel>
    <Channel ID="Module001_Input_35">
      <Parameter ID="Ext" Value="/HW" />
      <Parameter ID="Address" Value="68" Type="UDINT" />
      <Parameter ID="Direction" Value="IN" />
      <Parameter ID="Type" Value="UINT" />
    </Channel>
    <Channel ID="Module001_Input_36">
      <Parameter ID="Ext" Value="/HW" />
      <Parameter ID="Address" Value="70" Type="UDINT" />
      <Parameter ID="Direction" Value="IN" />
      <Parameter ID="Type" Value="UINT" />
    </Channel>
    <Channel ID="Module001_Input_37">
      <Parameter ID="Ext" Value="/HW" />
      <Parameter ID="Address" Value="72" Type="UDINT" />
      <Parameter ID="Direction" Value="IN" />
      <Parameter ID="Type" Value="UINT" />
    </Channel>
    <Channel ID="Module001_Input_38">
      <Parameter ID="Ext" Value="/HW" />
      <Parameter ID="Address" Value="74" Type="UDINT" />
      <Parameter ID="Direction" Value="IN" />
      <Parameter ID="Type" Value="UINT" />
    </Channel>
    <Channel ID="Module001_Input_39">
      <Parameter ID="Ext" Value="/HW" />
      <Parameter ID="Address" Value="76" Type="UDINT" />
      <Parameter ID="Direction" Value="IN" />
      <Parameter ID="Type" Value="UINT" />
    </Channel>
    <Channel ID="Module001_Input_40">
      <Parameter ID="Ext" Value="/HW" />
      <Parameter ID="Address" Value="78" Type="UDINT" />
      <Parameter ID="Direction" Value="IN" />
      <Parameter ID="Type" Value="UINT" />
    </Channel>
    <Channel ID="Module001_Input_41">
      <Parameter ID="Ext" Value="/HW" />
      <Parameter ID="Address" Value="80" Type="UDINT" />
      <Parameter ID="Direction" Value="IN" />
      <Parameter ID="Type" Value="UINT" />
    </Channel>
    <Channel ID="Module001_Input_42">
      <Parameter ID="Ext" Value="/HW" />
      <Parameter ID="Address" Value="82" Type="UDINT" />
      <Parameter ID="Direction" Value="IN" />
      <Parameter ID="Type" Value="UINT" />
    </Channel>
    <Channel ID="Module001_Input_43">
      <Parameter ID="Ext" Value="/HW" />
      <Parameter ID="Address" Value="84" Type="UDINT" />
      <Parameter ID="Direction" Value="IN" />
      <Parameter ID="Type" Value="UINT" />
    </Channel>
    <Channel ID="Module001_Input_44">
      <Parameter ID="Ext" Value="/HW" />
      <Parameter ID="Address" Value="86" Type="UDINT" />
      <Parameter ID="Direction" Value="IN" />
      <Parameter ID="Type" Value="UINT" />
    </Channel>
    <Channel ID="Module001_Input_45">
      <Parameter ID="Ext" Value="/HW" />
      <Parameter ID="Address" Value="88" Type="UDINT" />
      <Parameter ID="Direction" Value="IN" />
      <Parameter ID="Type" Value="UINT" />
    </Channel>
    <Channel ID="Module001_Input_46">
      <Parameter ID="Ext" Value="/HW" />
      <Parameter ID="Address" Value="90" Type="UDINT" />
      <Parameter ID="Direction" Value="IN" />
      <Parameter ID="Type" Value="UINT" />
    </Channel>
    <Channel ID="Module001_Input_47">
      <Parameter ID="Ext" Value="/HW" />
      <Parameter ID="Address" Value="92" Type="UDINT" />
      <Parameter ID="Direction" Value="IN" />
      <Parameter ID="Type" Value="UINT" />
    </Channel>
    <Channel ID="Module001_Input_48">
      <Parameter ID="Ext" Value="/HW" />
      <Parameter ID="Address" Value="94" Type="UDINT" />
      <Parameter ID="Direction" Value="IN" />
      <Parameter ID="Type" Value="UINT" />
    </Channel>
    <Channel ID="Module001_Input_49">
      <Parameter ID="Ext" Value="/HW" />
      <Parameter ID="Address" Value="96" Type="UDINT" />
      <Parameter ID="Direction" Value="IN" />
      <Parameter ID="Type" Value="UINT" />
    </Channel>
    <Channel ID="Module001_Input_50">
      <Parameter ID="Ext" Value="/HW" />
      <Parameter ID="Address" Value="98" Type="UDINT" />
      <Parameter ID="Direction" Value="IN" />
      <Parameter ID="Type" Value="UINT" />
    </Channel>
    <Channel ID="Module001_Input_51">
      <Parameter ID="Ext" Value="/HW" />
      <Parameter ID="Address" Value="100" Type="UDINT" />
      <Parameter ID="Direction" Value="IN" />
      <Parameter ID="Type" Value="UINT" />
    </Channel>
    <Channel ID="Module001_Input_52">
      <Parameter ID="Ext" Value="/HW" />
      <Parameter ID="Address" Value="102" Type="UDINT" />
      <Parameter ID="Direction" Value="IN" />
      <Parameter ID="Type" Value="UINT" />
    </Channel>
    <Channel ID="Module001_Input_53">
      <Parameter ID="Ext" Value="/HW" />
      <Parameter ID="Address" Value="104" Type="UDINT" />
      <Parameter ID="Direction" Value="IN" />
      <Parameter ID="Type" Value="UINT" />
    </Channel>
    <Channel ID="Module001_Input_54">
      <Parameter ID="Ext" Value="/HW" />
      <Parameter ID="Address" Value="106" Type="UDINT" />
      <Parameter ID="Direction" Value="IN" />
      <Parameter ID="Type" Value="UINT" />
    </Channel>
    <Channel ID="Module001_Input_55">
      <Parameter ID="Ext" Value="/HW" />
      <Parameter ID="Address" Value="108" Type="UDINT" />
      <Parameter ID="Direction" Value="IN" />
      <Parameter ID="Type" Value="UINT" />
    </Channel>
    <Channel ID="Module001_Input_56">
      <Parameter ID="Ext" Value="/HW" />
      <Parameter ID="Address" Value="110" Type="UDINT" />
      <Parameter ID="Direction" Value="IN" />
      <Parameter ID="Type" Value="UINT" />
    </Channel>
    <Channel ID="Module001_Input_57">
      <Parameter ID="Ext" Value="/HW" />
      <Parameter ID="Address" Value="112" Type="UDINT" />
      <Parameter ID="Direction" Value="IN" />
      <Parameter ID="Type" Value="UINT" />
    </Channel>
    <Channel ID="Module001_Input_58">
      <Parameter ID="Ext" Value="/HW" />
      <Parameter ID="Address" Value="114" Type="UDINT" />
      <Parameter ID="Direction" Value="IN" />
      <Parameter ID="Type" Value="UINT" />
    </Channel>
    <Channel ID="Module001_Input_59">
      <Parameter ID="Ext" Value="/HW" />
      <Parameter ID="Address" Value="116" Type="UDINT" />
      <Parameter ID="Direction" Value="IN" />
      <Parameter ID="Type" Value="UINT" />
    </Channel>
    <Channel ID="Module001_Input_60">
      <Parameter ID="Ext" Value="/HW" />
      <Parameter ID="Address" Value="118" Type="UDINT" />
      <Parameter ID="Direction" Value="IN" />
      <Parameter ID="Type" Value="UINT" />
    </Channel>
    <Channel ID="Module001_Input_61">
      <Parameter ID="Ext" Value="/HW" />
      <Parameter ID="Address" Value="120" Type="UDINT" />
      <Parameter ID="Direction" Value="IN" />
      <Parameter ID="Type" Value="UINT" />
    </Channel>
    <Channel ID="Module001_Input_62">
      <Parameter ID="Ext" Value="/HW" />
      <Parameter ID="Address" Value="122" Type="UDINT" />
      <Parameter ID="Direction" Value="IN" />
      <Parameter ID="Type" Value="UINT" />
    </Channel>
    <Channel ID="Module001_Input_63">
      <Parameter ID="Ext" Value="/HW" />
      <Parameter ID="Address" Value="124" Type="UDINT" />
      <Parameter ID="Direction" Value="IN" />
      <Parameter ID="Type" Value="UINT" />
    </Channel>
    <Channel ID="Module001_Input_64">
      <Parameter ID="Ext" Value="/HW" />
      <Parameter ID="Address" Value="126" Type="UDINT" />
      <Parameter ID="Direction" Value="IN" />
      <Parameter ID="Type" Value="UINT" />
    </Channel>
    <Channel ID="Module001_Output_1">
      <Parameter ID="Ext" Value="/HW" />
      <Parameter ID="Address" Value="0" Type="UDINT" />
      <Parameter ID="Direction" Value="OUT" />
      <Parameter ID="Type" Value="UINT" />
    </Channel>
    <Channel ID="Module001_Output_2">
      <Parameter ID="Ext" Value="/HW" />
      <Parameter ID="Address" Value="2" Type="UDINT" />
      <Parameter ID="Direction" Value="OUT" />
      <Parameter ID="Type" Value="UINT" />
    </Channel>
    <Channel ID="Module001_Output_3">
      <Parameter ID="Ext" Value="/HW" />
      <Parameter ID="Address" Value="4" Type="UDINT" />
      <Parameter ID="Direction" Value="OUT" />
      <Parameter ID="Type" Value="UINT" />
    </Channel>
    <Channel ID="Module001_Output_4">
      <Parameter ID="Ext" Value="/HW" />
      <Parameter ID="Address" Value="6" Type="UDINT" />
      <Parameter ID="Direction" Value="OUT" />
      <Parameter ID="Type" Value="UINT" />
    </Channel>
    <Channel ID="Module001_Output_5">
      <Parameter ID="Ext" Value="/HW" />
      <Parameter ID="Address" Value="8" Type="UDINT" />
      <Parameter ID="Direction" Value="OUT" />
      <Parameter ID="Type" Value="UINT" />
    </Channel>
    <Channel ID="Module001_Output_6">
      <Parameter ID="Ext" Value="/HW" />
      <Parameter ID="Address" Value="10" Type="UDINT" />
      <Parameter ID="Direction" Value="OUT" />
      <Parameter ID="Type" Value="UINT" />
    </Channel>
    <Channel ID="Module001_Output_7">
      <Parameter ID="Ext" Value="/HW" />
      <Parameter ID="Address" Value="12" Type="UDINT" />
      <Parameter ID="Direction" Value="OUT" />
      <Parameter ID="Type" Value="UINT" />
    </Channel>
    <Channel ID="Module001_Output_8">
      <Parameter ID="Ext" Value="/HW" />
      <Parameter ID="Address" Value="14" Type="UDINT" />
      <Parameter ID="Direction" Value="OUT" />
      <Parameter ID="Type" Value="UINT" />
    </Channel>
  </Module>
  <Module ID="SS1.IO" Hardware="X20IF1061-1">
    <Parameter ID="FunctionModel" Value="Standard" />
  </Module>
</IOCFG>