<?xml version="1.0" encoding="utf-8"?>
<TOC>
	<ITEM ID="FILE" NAME="AR000.exe" DIR="" OS="1" HASH="" HASHVALUE="DB2D28E3811D84D54655014DA8926831" SIZE="6752952" MODIFIED="2021-12-02 11:27:53" WRITECMD="3"/>
	<ITEM ID="FILE" NAME="AR000Debug.exe" DIR="" OS="1" HASH="" HASHVALUE="A3907C87AED5DF1E87C3A998530C6D8E" SIZE="317624" MODIFIED="2021-12-02 11:27:53" WRITECMD="3"/>
	<ITEM ID="FILE" NAME="ar000loader.exe" DIR="" OS="1" HASH="" HASHVALUE="B9E3D0DFD8D135D0A0F0AAEC8D5FFFF5" SIZE="4430520" MODIFIED="2021-12-02 11:27:53" WRITECMD="3"/>
	<ITEM ID="FILE" NAME="ar000stop.exe" DIR="" OS="1" HASH="" HASHVALUE="E18875414C9E537FDEE7C22385D49C8E" SIZE="79544" MODIFIED="2021-12-02 11:27:53" WRITECMD="3"/>
	<ITEM ID="FILE" NAME="arUpd.bat" DIR="" OS="1" HASH="" HASHVALUE="0503FA0EA6E89C381DB4F0A593073062" SIZE="1124" MODIFIED="2021-12-02 11:27:53" WRITECMD="3"/>
	<ITEM ID="FILE" NAME="InaFrm.dll" DIR="" OS="1" HASH="" HASHVALUE="3DEEAB31E0CF16086A7F6BFCB99C22BF" SIZE="73728" MODIFIED="2021-12-02 11:27:53" WRITECMD="3"/>
	<ITEM ID="FILE" NAME="PviLog.dll" DIR="" OS="1" HASH="" HASHVALUE="E5ED364ACA28CB656437ADA36FAC0F5B" SIZE="106543" MODIFIED="2021-12-02 11:27:53" WRITECMD="3"/>
	<ITEM ID="FILE" NAME="fscfg.xml" DIR="System/TOC" OS="1" HASH="" HASHVALUE="6FF4EC9F4A17BE705D63D8ADE6B6BC87" SIZE="5724" MODIFIED="2021-12-02 11:27:53"/>
</TOC>