﻿<?xml version="1.0" encoding="utf-8" standalone="yes"?>
<Parameters>
  <Connection>
    <DeviceParameters>/IF=tcpip /LOPO=11159 /SA=1 </DeviceParameters>
    <ConnectionParameters>/COMT=2500 /RT=1000 /AM=* /SDT=5 /DAIP=192.168.1.41 /REPO=11159 /ANSL=1 /PT=11169 </ConnectionParameters>
  </Connection>
  <AsProject>
    <ApjFullFileName>C:\sthanhe\Projekte\SandTES\Subprojekte\ARPAe-DAYS\PLS2\ARPAE_DAYS\ARPAE_DAYS.apj</ApjFullFileName>
    <ProjectName>ARPAE_DAYS</ProjectName>
    <ActiveConfigurationName>Config1</ActiveConfigurationName>
    <LicenseDataFolder>C:\sthanhe\Projekte\SandTES\Subprojekte\ARPAe-DAYS\PLS2\ARPAE_DAYS\Temp\Objects\Config1\X20CP1585</LicenseDataFolder>
  </AsProject>
  <General>
    <DeleteParameterFile>false</DeleteParameterFile>
  </General>
</Parameters>