<?xml version="1.0"?>
<Monitor>
<InputFile>C:\sthanhe\Projekte\SandTES\Subprojekte\ARPAe-DAYS\PLS2\ARPAE_DAYS\Logical\Logic\SandFlowTest\TestMatrixSand\Cyclic.sfc</InputFile>
<OutputFile>C:\sthanhe\Projekte\SandTES\Subprojekte\ARPAe-DAYS\PLS2\ARPAE_DAYS\Temp\Objects\Config1\X20CP1585\TestMatri1\Cyclic.sfc.o</OutputFile>
<MainSFC>
<STEP00002 NAME="Init" CYCLIC="3" EXIT="4"/>
<STEP00004 NAME="Prep" ENTRY="5" CYCLIC="6" EXIT="7"/>
<STEP00006 NAME="HeatSand" ENTRY="8" CYCLIC="9" EXIT="10"/>
<STEP00009 NAME="HeatCasing" ENTRY="11" CYCLIC="12" EXIT="13"/>
<STEP00011 NAME="FGloop" ENTRY="14" EXIT="15"/>
<STEP00014 NAME="SandLoop" ENTRY="16" CYCLIC="17" EXIT="18"/>
<TRANSITION00016 CYCLIC="19"/>
<STEP00017 NAME="Measure" CYCLIC="20" EXIT="21"/>
<STEP00022 NAME="Cooldown" ENTRY="22" CYCLIC="23" EXIT="24"/>
<TRANSITION00023 CYCLIC="25"/>
<STEP00024 NAME="Stop" ENTRY="26" CYCLIC="27" EXIT="28"/>
</MainSFC>
</Monitor>
