<?xml version="1.0" encoding="utf-8"?>
<TOC>
  <ITEM ID="FILE" CLASS="Os" OS="1" NAME="AR000.exe" DIR="" WRITECMD="3"/>
  <ITEM ID="FILE" CLASS="Os" OS="1" NAME="AR000Debug.exe" DIR="" WRITECMD="3"/>
  <ITEM ID="FILE" CLASS="Os" OS="1" NAME="ar000loader.exe" DIR="" WRITECMD="3"/>
  <ITEM ID="FILE" CLASS="Os" OS="1" NAME="ar000stop.exe" DIR="" WRITECMD="3"/>
  <ITEM ID="FILE" CLASS="Os" OS="1" NAME="InaFrm.dll" DIR="" WRITECMD="3"/>
  <ITEM ID="FILE" CLASS="Os" OS="1" NAME="PviLog.dll" DIR="" WRITECMD="3"/>
  <ITEM ID="FILE" CLASS="Os" OS="1" NAME="arUpd.bat" DIR="" WRITECMD="3"/>
  
  <ITEM ID="FILE" CLASS="Os" OS="1" NAME="fscfg.xml" DIR="System/TOC"/>
</TOC>

