<?xml version="1.0"?>
<Monitor>
<InputFile>C:\sthanhe\Projekte\SandTES\Subprojekte\ARPAe-DAYS\PLS2\ARPAE_DAYS\Logical\Logic\TestTube\TestMatrix\Cyclic.sfc</InputFile>
<OutputFile>C:\sthanhe\Projekte\SandTES\Subprojekte\ARPAe-DAYS\PLS2\ARPAE_DAYS\Temp\Objects\Config1\X20CP1585\TestMatrix\Cyclic.sfc.o</OutputFile>
<MainSFC>
<STEP00002 NAME="Init" CYCLIC="3" EXIT="4"/>
<STEP00004 NAME="Prep" ENTRY="5" CYCLIC="6" EXIT="7"/>
<STEP00006 NAME="HeatSand" ENTRY="8" CYCLIC="9" EXIT="10"/>
<STEP00008 NAME="HeatCasing" ENTRY="11" CYCLIC="12" EXIT="13"/>
<STEP00010 NAME="FGloop" ENTRY="14" EXIT="15"/>
<STEP00013 NAME="SandLoop" ENTRY="16" EXIT="17"/>
<STEP00016 NAME="HeaterLoop" ENTRY="18" EXIT="19"/>
<STEP00021 NAME="PFC30" CYCLIC="20"/>
<STEP00024 NAME="PrepPID" CYCLIC="21"/>
<STEP00026 NAME="DT100" CYCLIC="22"/>
<STEP00028 NAME="Cleanup" CYCLIC="23"/>
<STEP00029 NAME="Wait" CYCLIC="24"/>
<STEP00031 NAME="Sandflow" ENTRY="25" CYCLIC="26"/>
<STEP00036 NAME="Cooldown" ENTRY="27" CYCLIC="28" EXIT="29"/>
<TRANSITION00037 CYCLIC="30"/>
<STEP00038 NAME="Stop" ENTRY="31" CYCLIC="32" EXIT="33"/>
</MainSFC>
</Monitor>
