<?xml version="1.0"?>
<Monitor>
<InputFile>C:\sthanhe\Projekte\SandTES\Subprojekte\ARPAe-DAYS\PLS2\ARPAE_DAYS\Logical\Logic\Automatic\Auto\Cyclic.sfc</InputFile>
<OutputFile>C:\sthanhe\Projekte\SandTES\Subprojekte\ARPAe-DAYS\PLS2\ARPAE_DAYS\Temp\Objects\Config1\X20CP1585\Auto\Cyclic.sfc.o</OutputFile>
<MainSFC>
<STEP00002 NAME="Init" CYCLIC="3" EXIT="4"/>
<TRANSITION00003 CYCLIC="5"/>
<TRANSITION00004 CYCLIC="6"/>
<STEP00005 NAME="ChangeDirection" CYCLIC="7"/>
<STEP00008 NAME="S1stopScrews" ENTRY="8" CYCLIC="9" EXIT="10"/>
<TRANSITION00009 CYCLIC="11"/>
<STEP00010 NAME="S2ACsfreeze" ENTRY="12" CYCLIC="13" EXIT="14"/>
<TRANSITION00011 CYCLIC="15"/>
<STEP00012 NAME="S3GatesOpen" ENTRY="16" CYCLIC="17" EXIT="18"/>
<TRANSITION00013 CYCLIC="19"/>
<STEP00014 NAME="S4gates" ENTRY="20" CYCLIC="21" EXIT="22"/>
<TRANSITION00015 CYCLIC="23"/>
<STEP00016 NAME="S5ACs" ENTRY="24" CYCLIC="25" EXIT="26"/>
<TRANSITION00017 CYCLIC="27"/>
<STEP00018 NAME="S6screwStart" ENTRY="28" CYCLIC="29" EXIT="30"/>
<TRANSITION00019 CYCLIC="31"/>
<STEP00020 NAME="S7screwPIDstart" ENTRY="32" CYCLIC="33" EXIT="34"/>
<TRANSITION00021 CYCLIC="35"/>
<TRANSITION00025 CYCLIC="36"/>
<STEP00026 NAME="Shutdown" CYCLIC="37"/>
<STEP00029 NAME="S1stopSand" ENTRY="38" CYCLIC="39" EXIT="40"/>
<TRANSITION00030 CYCLIC="41"/>
<STEP00031 NAME="S2ACfreeze" ENTRY="42" CYCLIC="43" EXIT="44"/>
<TRANSITION00032 CYCLIC="45"/>
<STEP00033 NAME="S3closeGates" ENTRY="46" CYCLIC="47" EXIT="48"/>
<TRANSITION00034 CYCLIC="49"/>
<STEP00035 NAME="S4stopAirAndBuck" ENTRY="50" CYCLIC="51" EXIT="52"/>
<TRANSITION00036 CYCLIC="53"/>
<STEP00037 NAME="S5stopACsAndIndFan" ENTRY="54" CYCLIC="55" EXIT="56"/>
<TRANSITION00038 CYCLIC="57"/>
<STEP00042 NAME="Startup" CYCLIC="58"/>
<STEP00045 NAME="S1indFanFlapScrewSel" ENTRY="59" CYCLIC="60" EXIT="61"/>
<TRANSITION00046 CYCLIC="62"/>
<STEP00047 NAME="S211air" ENTRY="63" CYCLIC="64" EXIT="65"/>
<TRANSITION00048 CYCLIC="66"/>
<STEP00049 NAME="S212airPID" ENTRY="67" CYCLIC="68" EXIT="69"/>
<STEP00050 NAME="S221buck" ENTRY="70" CYCLIC="71"/>
<TRANSITION00051 CYCLIC="72"/>
<STEP00052 NAME="S3gates" ENTRY="73" CYCLIC="74" EXIT="75"/>
<TRANSITION00053 CYCLIC="76"/>
<STEP00054 NAME="S4ACs" ENTRY="77" CYCLIC="78" EXIT="79"/>
<TRANSITION00055 CYCLIC="80"/>
<STEP00056 NAME="S5ACpids" ENTRY="81" CYCLIC="82" EXIT="83"/>
<TRANSITION00057 CYCLIC="84"/>
<STEP00058 NAME="S6screw" ENTRY="85" CYCLIC="86" EXIT="87"/>
<TRANSITION00059 CYCLIC="88"/>
<STEP00060 NAME="S7screwPID" ENTRY="89" CYCLIC="90" EXIT="91"/>
<TRANSITION00061 CYCLIC="92"/>
</MainSFC>
</Monitor>
